ticket,opening_time_utc,closing_time_utc,type,lots,original_position_size,symbol,opening_price,closing_price,stop_loss,take_profit,commission_usd,swap_usd,profit_usd,equity_usd,margin_level,close_reason
1343873674,2024-12-13T17:44:59.263000,2024-12-13T20:58:14.243000,buy,0.01,0.01,XAUUSDm,2657.582,2647.49,,,0,0,-10.09,-0.09,,so
1343660902,2024-12-13T14:19:45.151000,2024-12-13T15:24:01.631000,buy,0.02,0.02,XAUUSDm,2660.651,2655.553,,,0,0,-10.19,-0.11,,so
1343608917,2024-12-13T13:44:23.925000,2024-12-13T13:45:08.200000,buy,0.02,0.02,XAUUSDm,2663.767,2663.803,,,0,0,0.08,,,user
1343325503,2024-12-13T10:05:01.723000,2024-12-13T12:01:04.337000,buy,0.01,0.01,XAUUSDm,2668.2,2663.134,,,0,0,-5.07,-0.07,,so
1343333338,2024-12-13T09:30:46.317000,2024-12-13T09:54:30.084000,buy,0.01,0.01,XAUUSDm,2673.031,2668.031,2668.031,,0,0,-5,,,sl
1343215891,2024-12-13T08:02:08.517000,2024-12-13T09:03:38.128000,buy,0.02,0.02,XAUUSDm,2682.736,2671.781,,,0,0,-21.91,-0.04,,so
1343024643,2024-12-13T04:16:05.681000,2024-12-13T07:30:50.567000,buy,0.01,0.01,XAUUSDm,2686.905,2682,2682,,0,0,-4.91,,,sl
1342607092,2024-12-12T15:48:57.997000,2024-12-13T07:30:50.562000,buy,0.01,0.01,XAUUSDm,2678.577,2682,2682,,0,0,3.42,,,sl
1342867795,2024-12-13T00:13:42.166000,2024-12-13T05:11:37.631000,buy,0.01,0.01,USOILm,69.595,69.714,69.395,,0,0,1.19,,,user
1340872036,2024-12-11T10:06:02.929000,2024-12-12T14:05:15.726000,buy,0.01,0.01,USOILm,69.08,69.6,69.6,,0,0,5.2,,,sl
1341761274,2024-12-12T03:52:42.285000,2024-12-12T14:05:15.726000,buy,0.01,0.01,USOILm,69.918,69.6,69.6,,0,0,-3.18,,,sl
1340523333,2024-12-11T08:37:30.973000,2024-12-12T14:05:15.722000,buy,0.01,0.01,USOILm,68.488,69.6,69.6,,0,0,11.12,,,sl
1340665255,2024-12-11T09:05:50.016000,2024-12-11T09:12:19.968000,buy,0.01,0.01,XAUUSDm,2689.911,2688.965,2686,,0,0,-0.94,,,user
1340208104,2024-12-11T05:33:24.891000,2024-12-11T06:21:02.135000,buy,0.01,0.01,XAUUSDm,2677.207,2694.022,2680,,0,0,16.81,,,user
1339839193,2024-12-10T21:12:40.079000,2024-12-11T04:40:24.052000,buy,0.01,0.01,EURUSDm,1.05253,1.0522,1.0522,,0,0,-0.33,,,sl
1339986265,2024-12-11T02:25:21.413000,2024-12-11T04:40:24.051000,buy,0.02,0.02,EURUSDm,1.0539,1.0522,1.0522,,0,0,-3.4,,,sl
1340005997,2024-12-11T02:46:15.504000,2024-12-11T04:40:24.051000,buy,0.01,0.01,EURUSDm,1.05345,1.0522,1.0522,,0,0,-1.25,,,sl
1339163419,2024-12-10T14:04:14.867000,2024-12-10T19:46:11.904000,buy,0.01,0.01,USOILm,68.25,68.1,68.1,,0,0,-1.5,,,sl
1339162491,2024-12-10T10:07:28.120000,2024-12-10T19:46:11.904000,buy,0.02,0.02,USOILm,67.894,68.1,68.1,,0,0,4.12,,,sl
1339151810,2024-12-10T09:55:56.166000,2024-12-10T10:03:18.869000,buy,0.02,0.02,USOILm,67.902,67.905,,,0,0,0.06,,,user
1338884398,2024-12-10T05:01:34.262000,2024-12-10T09:48:02.176000,buy,0.01,0.01,USOILm,67.777,67.8,67.8,,0,0,0.23,,,sl
1338658345,2024-12-09T23:43:39.988000,2024-12-10T09:48:02.175000,buy,0.01,0.01,USOILm,67.96,67.8,67.8,,0,0,-1.6,,,sl
1338844967,2024-12-10T06:12:17.194000,2024-12-10T07:45:30.372000,buy,0.01,0.01,EURUSDm,1.0565,1.0554,1.0554,,0,0,-1.1,,,sl
1338803840,2024-12-10T03:22:58.285000,2024-12-10T07:45:30.371000,buy,0.01,0.01,EURUSDm,1.05539,1.0554,1.0554,,0,0,0.01,,,sl
1337904801,2024-12-09T11:25:05.285000,2024-12-09T17:46:14.681000,buy,0.01,0.01,XAUUSDm,2659.6,2665,2665,,0,0,5.4,,,sl
1337511808,2024-12-09T05:15:27.639000,2024-12-09T17:46:14.681000,buy,0.01,0.01,XAUUSDm,2637.482,2665,2665,,0,0,27.52,,,sl
1324383669,2024-12-05T14:31:30.024000,2024-12-05T15:09:46.446000,buy,0.01,0.01,XAUUSDm,2646.84,2636.663,,,0,0,-10.18,-0.02,,so
1324037203,2024-12-05T09:42:32.121000,2024-12-05T13:40:09.654000,buy,0.01,0.01,XAUUSDm,2645.444,2645.6,2645.6,,0,0,0.16,,,sl
1308550059,2024-11-22T17:04:00.067000,2024-11-24T23:19:59.681000,sell,0.01,0.01,XAUUSDm,2705.656,2716.133,,,0,0,-10.47,-0.01,,so
1307670436,2024-11-22T09:54:49.302000,2024-11-22T12:45:07.626000,sell,0.01,0.01,XAUUSDm,2703.761,2704,2704,,0,0,-0.24,,,sl
1307540435,2024-11-22T08:57:53.582000,2024-11-22T09:41:18.154000,sell,0.01,0.01,XAUUSDm,2697.312,2706.5,2706.5,,0,0,-9.19,,,sl
1306992121,2024-11-22T02:39:19.585000,2024-11-22T04:44:57.555000,buy,0.01,0.01,EURUSDm,1.04707,1.0470000000000002,,,0,0,-0.07,,,user
1305939016,2024-11-21T10:21:17.106000,2024-11-21T13:12:38.885000,sell,0.01,0.01,XAUUSDm,2667.464,2667.5,2667.5,,0,0,-0.04,,,sl
1304734065,2024-11-20T14:53:53.359000,2024-11-20T16:07:27.821000,buy,0.01,0.01,EURUSDm,1.05321,1.0515,,,0,0,-1.71,-0.04,,so
1304701094,2024-11-20T14:39:36.883000,2024-11-20T16:07:27.819000,buy,0.01,0.01,EURUSDm,1.05388,1.0515,,,0,0,-2.38,-0.04,,so
1304655406,2024-11-20T14:23:30.362000,2024-11-20T14:35:42.709000,sell,0.01,0.01,XAUUSDm,2639.532,2643.155,,,0,0,-3.63,,,user
1304440403,2024-11-20T12:40:05.746000,2024-11-20T13:24:04.711000,sell,0.02,0.02,USDJPYm,155.764,155.76500000000001,156.064,,0,0,-0.01,,,user
1304410855,2024-11-20T12:17:04.808000,2024-11-20T12:18:18.181000,sell,0.01,0.01,XAUUSDm,2628.881,2629.165,,,0,0,-0.29,,,user
1304361617,2024-11-20T11:46:16.474000,2024-11-20T11:46:37.820000,sell,0.01,0.01,XAUUSDm,2623.821,2623.716,,,0,0,0.1,,,user
1304342424,2024-11-20T11:31:03.267000,2024-11-20T11:37:18.776000,buy,0.01,0.01,EURUSDm,1.05502,1.05505,1.05397,,0,0,0.03,,,user
1304295549,2024-11-20T10:46:56.732000,2024-11-20T11:25:15.631000,sell,0.01,0.01,XAUUSDm,2623.507,2623.5,2623.5,,0,0,0.01,,,sl
1303988084,2024-11-20T09:02:46.116000,2024-11-20T10:33:13.239000,buy,0.01,0.01,USOILm,69.81,69.3,69.3,,0,0,-5.1,,,sl
1304062016,2024-11-20T07:53:13.744000,2024-11-20T10:33:13.239000,buy,0.01,0.01,USOILm,69.463,69.3,69.3,,0,0,-1.63,,,sl
1303895796,2024-11-20T06:11:27.668000,2024-11-20T10:33:13.238000,buy,0.01,0.01,USOILm,69.213,69.3,69.3,,0,0,0.87,,,sl
1303209198,2024-11-19T16:43:40.190000,2024-11-20T06:08:52.738000,buy,0.01,0.01,EURUSDm,1.05786,1.05851,1.058,,0,0,0.65,,,user
1303785222,2024-11-20T04:38:51.096000,2024-11-20T06:08:52.134000,buy,0.01,0.01,EURUSDm,1.05907,1.05851,1.058,,0,0,-0.56,,,user
1302127820,2024-11-19T14:30:04.330000,2024-11-19T15:31:23.842000,buy,0.01,0.01,USOILm,69.5,69,69,,0,0,-5,,,sl
1302640824,2024-11-19T12:00:28.074000,2024-11-19T15:31:23.841000,buy,0.01,0.01,USOILm,68.73,69,69,,0,0,2.7,,,sl
1300649662,2024-11-18T05:40:50.237000,2024-11-19T08:38:02.721000,buy,0.01,0.01,USOILm,67.038,68.7,68.7,,0,0,16.62,,,sl
1299459320,2024-11-15T18:43:03.972000,2024-11-18T03:45:39.493000,buy,0.02,0.02,GBPUSDm,1.2621,1.2622,1.2622,,0,0,0.2,,,sl
1290540894,2024-11-13T17:37:38.710000,2024-11-13T18:50:06.389000,sell,0.01,0.01,USDJPYm,155.383,155.524,155.583,,0,0,-0.91,,,user
1290282645,2024-11-13T16:29:01.504000,2024-11-13T16:33:32.394000,buy,0.01,0.01,XAUUSDm,2598.139,2591.126,,,0,0,-7.01,-0.13,,so
1286652458,2024-11-12T17:20:03.611000,2024-11-13T14:52:58.759000,buy,0.01,0.01,XAUUSDm,2593.365,2603,2603,,0,0,9.63,,,sl
1284555410,2024-11-12T10:07:29.860000,2024-11-12T15:36:58.520000,buy,0.01,0.01,XAUUSDm,2592.754,2600,2600,,0,0,7.25,,,sl
1275835986,2024-11-08T13:00:54.007000,2024-11-11T04:48:00.598000,buy,0.01,0.01,USOILm,70.762,69.724,,,0,0,-10.38,-0.12,,so
1272772703,2024-11-07T12:30:13.628000,2024-11-07T15:12:50.359000,buy,0.01,0.01,USOILm,70.691,70.69,70.69,,0,0,-0.01,,,sl
1253847296,2024-10-31T01:34:11.577000,2024-10-31T02:36:45.530000,sell,0.01,0.01,XAUUSDm,2788.684,2789,2789,,0,0,-0.32,,,sl
1245712254,2024-10-28T09:52:39.257000,2024-10-28T14:01:25.443000,buy,0.01,0.01,USOILm,67.153,67.709,,,0,0,5.56,,,user
1245602875,2024-10-28T08:52:09.322000,2024-10-28T09:07:23.324000,buy,0.01,0.01,USOILm,68.255,67.755,67.755,,0,0,-5,,,sl
1245209841,2024-10-28T04:37:28.330000,2024-10-28T08:05:32.070000,buy,0.01,0.01,USOILm,68.297,68.3,68.3,,0,0,0.03,,,sl
1236532276,2024-10-23T10:22:45.472000,2024-10-23T11:44:24.907000,buy,0.01,0.01,EURUSDm,1.07825,1.07685,,,0,0,-1.4,-0.23,,so
1236271952,2024-10-23T08:23:58.524000,2024-10-23T11:44:24.906000,buy,0.02,0.02,EURUSDm,1.07821,1.07685,,,0,0,-2.72,-0.23,,so
1236297059,2024-10-23T08:34:27.409000,2024-10-23T11:44:24.903000,buy,0.02,0.02,EURUSDm,1.07834,1.07685,,,0,0,-2.98,-0.23,,so
1236274949,2024-10-23T08:25:27.890000,2024-10-23T08:31:52.298000,sell,0.01,0.01,XAUUSDm,2755.633,2757.933,2759,,0,0,-2.3,,,user
1236022254,2024-10-23T06:20:38.292000,2024-10-23T08:11:45.435000,buy,0.01,0.01,USOILm,71.381,71,71,,0,0,-3.81,,,sl
1233336212,2024-10-22T05:14:13.178000,2024-10-23T08:11:45.435000,buy,0.01,0.01,USOILm,69.678,71,71,,0,0,13.22,,,sl
1233937527,2024-10-22T13:55:00.660000,2024-10-23T08:11:45.434000,buy,0.01,0.01,USOILm,71,71,71,,0,0,0,,,sl
1233134556,2024-10-22T02:46:44.075000,2024-10-22T05:01:23.415000,buy,0.01,0.01,USOILm,69.695,69.671,68.995,,0,0,-0.24,,,user
1211713540,2024-10-09T10:25:27.981000,2024-10-09T13:29:36.413000,buy,0.01,0.01,USOILm,72.89,71.871,,,0,0,-10.19,-0.19,,so
1211616203,2024-10-09T09:24:16.881000,2024-10-09T10:16:23.943000,buy,0.01,0.01,USOILm,73.908,72.983,,,0,0,-9.25,-0.18,,so
1210768217,2024-10-09T01:01:24.606000,2024-10-09T05:06:08.412000,sell,0.01,0.01,XAUUSDm,2621.068,2621,2621,,0,0,0.07,,,sl
1202411420,2024-10-04T10:45:26.711000,2024-10-04T11:31:48.152000,buy,0.01,0.01,USDCHFm,0.85211,0.85126,0.85126,,0,0,-1,,,sl
1180252529,2024-09-30T01:00:15.431000,2024-09-30T01:47:42.521000,buy,0.01,0.01,USOILm,68.7,68.078,,,0,0,-6.22,-0.09,,so
1184535990,2024-09-27T15:48:49.379000,2024-09-27T16:27:09.920000,buy,0.01,0.01,USOILm,68.04,68,68,,0,0,-0.4,,,sl
1180138123,2024-09-26T10:16:12.095000,2024-09-26T10:20:39.200000,sell,0.01,0.01,XAUUSDm,2668.742,2672.742,2672.742,,0,0,-4,,,sl
1179923807,2024-09-26T08:40:38.759000,2024-09-26T09:16:23.966000,sell,0.01,0.01,XAUUSDm,2669.858,2669.332,2673.858,,0,0,0.53,,,user
1160254702,2024-09-19T06:15:17.980000,2024-09-19T06:55:41.223000,buy,0.01,0.01,USDJPYm,142.586,142.117,,,0,0,-3.3,-0.51,,so
1160192416,2024-09-19T05:47:56.745000,2024-09-19T06:55:41.222000,buy,0.01,0.01,USDJPYm,142.76,142.123,,,0,0,-4.48,-0.51,,so
1160170691,2024-09-19T05:38:41.314000,2024-09-19T05:41:15.420000,sell,0.01,0.01,USOILm,69.949,70.023,70.149,,0,0,-0.74,,,user
1160135008,2024-09-19T05:17:11.896000,2024-09-19T05:24:30.218000,buy,0.01,0.01,USDJPYm,143.055,142.8,142.8,,0,0,-1.79,,,sl
1160052575,2024-09-19T04:10:40.497000,2024-09-19T05:24:30.175000,buy,0.01,0.01,USDJPYm,143.171,142.8,142.8,,0,0,-2.6,,,sl
1157138567,2024-09-18T10:02:06.510000,2024-09-18T15:46:52.009000,buy,0.01,0.01,USOILm,68.611,69,69,,0,0,3.89,,,sl
1157137131,2024-09-18T10:01:27.379000,2024-09-18T10:01:52.343000,buy,0.02,0.02,USOILm,68.611,68.619,,,0,0,0.16,,,user
1157083569,2024-09-18T09:23:06.044000,2024-09-18T09:50:05.368000,buy,0.02,0.02,USDCHFm,0.84316,0.8424,0.8424,,0,0,-1.8,,,sl
1157012507,2024-09-18T08:35:13.239000,2024-09-18T08:38:17.135000,buy,0.01,0.01,XAUUSDm,2569.689,2568.42,2568,,0,0,-1.27,,,user
1156911012,2024-09-18T07:24:42.574000,2024-09-18T08:19:01.842000,buy,0.01,0.01,USOILm,69.525,69.281,69.125,,0,0,-2.44,,,user
1156554800,2024-09-18T04:13:27.090000,2024-09-18T07:12:19.539000,sell,0.01,0.01,XAUUSDm,2574.496,2571,2571,,0,0,3.5,,,sl
1154036540,2024-09-17T03:39:31.847000,2024-09-17T04:42:27.136000,buy,0.02,0.02,USDCHFm,0.84407,0.84408,0.84408,,0,0,0.02,,,sl
1151320948,2024-09-16T06:49:29.747000,2024-09-16T07:13:00.956000,sell,0.01,0.01,XAUUSDm,2587.982,2582.437,,,0,0,5.54,,,user
1150519666,2024-09-16T01:25:14.819000,2024-09-16T06:48:29.185000,buy,0.01,0.01,USDJPYm,140.527,139.8,139.8,,0,0,-5.2,,,sl
1147194800,2024-09-13T12:35:13.196000,2024-09-13T13:00:19.096000,buy,0.03,0.03,USDCHFm,0.84659,0.84543,,,0,0,-4.12,-0.59,,so
1146643839,2024-09-13T08:23:45.218000,2024-09-13T13:00:19.094000,buy,0.05,0.05,USDCHFm,0.84803,0.84543,,,0,0,-15.38,-0.59,,so
1146136180,2024-09-13T04:29:12.555000,2024-09-13T08:15:11.757000,buy,0.02,0.02,USDJPYm,140.84,140.488,140.488,,0,0,-5.01,,,sl
1144520818,2024-09-12T13:36:16.769000,2024-09-12T13:40:04.658000,sell,0.01,0.01,XAUUSDm,2541.487,2545.487,2545.487,,0,0,-4,,,sl
1143884855,2024-09-12T09:35:20.030000,2024-09-12T12:18:53.368000,buy,0.01,0.01,EURJPYm,157.246,156.8,156.8,158.5,0,0,-3.13,,,sl
1143847181,2024-09-12T08:53:35.542000,2024-09-12T12:18:53.368000,buy,0.01,0.01,EURJPYm,157.116,156.8,156.8,158.5,0,0,-2.22,,,sl
1143012535,2024-09-11T16:30:45.324000,2024-09-12T06:57:40.097000,buy,0.02,0.02,EURUSDm,1.10121,1.1011,1.1011,,0,0,-0.22,,,sl
1142712794,2024-09-11T14:30:25.997000,2024-09-12T06:57:40.096000,buy,0.02,0.02,EURUSDm,1.10088,1.1011,1.1011,,0,0,0.44,,,sl
1142356697,2024-09-11T13:03:38.279000,2024-09-11T13:04:09.432000,buy,0.02,0.02,EURUSDm,1.1014,1.1017400000000002,1.1,,0,0,0.68,,,user
1141407985,2024-09-11T02:51:39.797000,2024-09-11T12:01:28.942000,buy,0.01,0.01,EURUSDm,1.10343,1.1042,1.1042,,0,0,0.77,,,sl
1141252965,2024-09-11T00:57:54.803000,2024-09-11T12:01:28.933000,buy,0.03,0.03,EURUSDm,1.10219,1.1042,1.1042,,0,0,6.03,,,sl
1141393948,2024-09-11T04:41:53.188000,2024-09-11T12:01:28.880000,buy,0.02,0.02,EURUSDm,1.10473,1.1042,1.1042,,0,0,-1.06,,,sl
1140730364,2024-09-10T15:30:20.843000,2024-09-10T15:45:01.132000,buy,0.01,0.01,USDJPYm,142.599,142.439,142.439,,0,0,-1.12,,,sl
1140631506,2024-09-10T14:56:45.421000,2024-09-10T15:39:37.456000,buy,0.01,0.01,EURUSDm,1.10191,1.10213,1.102,,0,0,0.22,,,user
1139580525,2024-09-10T10:16:40.733000,2024-09-10T13:52:11.946000,buy,0.01,0.01,XAUUSDm,2508.429,2507.5,2507.5,,0,0,-0.93,,,sl
1139640848,2024-09-10T08:16:48.607000,2024-09-10T13:52:11.946000,buy,0.01,0.01,XAUUSDm,2501.395,2507.5,2507.5,,0,0,6.1,,,sl
1139319472,2024-09-10T05:06:19.159000,2024-09-10T08:00:15.687000,buy,0.01,0.01,XAUUSDm,2501.108,2502,2502,,0,0,0.89,,,sl
1138432484,2024-09-09T14:38:52.198000,2024-09-09T14:44:54.791000,buy,0.02,0.02,XAUUSDm,2496.944,2493.929,2494.944,,0,0,-6.03,,,sl
1138086139,2024-09-09T12:25:25.920000,2024-09-09T14:10:14.968000,buy,0.01,0.01,XAUUSDm,2500.949,2497,2497,,0,0,-3.95,,,sl
1137952769,2024-09-09T11:02:28.500000,2024-09-09T14:10:14.961000,buy,0.01,0.01,XAUUSDm,2493.772,2497,2497,,0,0,3.23,,,sl
1137671941,2024-09-09T08:31:13.302000,2024-09-09T10:35:00.573000,buy,0.01,0.01,XAUUSDm,2491.622,2494,2494,,0,0,2.38,,,sl
1137534925,2024-09-09T07:40:27.332000,2024-09-09T07:44:14.780000,sell,0.01,0.01,XAUUSDm,2496.388,2494.19,2496.38,,0,0,2.2,,,user
1136931847,2024-09-09T03:29:33.672000,2024-09-09T07:26:34.657000,sell,0.01,0.01,XAUUSDm,2497.935,2494,2494,,0,0,3.94,,,sl
1136758696,2024-09-09T01:24:34.583000,2024-09-09T03:29:06.849000,buy,0.01,0.01,XAUUSDm,2496.278,2497.721,2496.28,,0,0,1.44,,,user
1132671483,2024-09-06T06:24:14.537000,2024-09-06T08:39:56.588000,buy,0.01,0.01,USOILm,69.044,68.7,68.7,,0,0,-3.44,,,sl
1132033935,2024-09-05T17:24:01.120000,2024-09-06T08:39:56.588000,buy,0.01,0.01,USOILm,68.594,68.7,68.7,,0,0,1.06,,,sl
1131241748,2024-09-05T13:27:59.113000,2024-09-05T16:38:02.068000,sell,0.01,0.01,GBPUSDm,1.31759,1.3175,1.3175,,0,0,0.09,,,sl
1130916667,2024-09-05T12:17:09.349000,2024-09-05T12:21:56.585000,buy,0.01,0.01,USDJPYm,143.114,142.864,142.864,,0,0,-1.75,,,sl
1129521036,2024-09-04T18:21:13.771000,2024-09-04T19:00:52.994000,buy,0.01,0.01,USOILm,68.825,68.6,68.6,,0,0,-2.25,,,sl
1128479365,2024-09-04T11:28:11.365000,2024-09-04T12:43:21.508000,sell,0.01,0.01,XAUUSDm,2490.224,2490,2490,,0,0,0.22,,,sl
1128452521,2024-09-04T11:13:39.907000,2024-09-04T11:17:13.080000,sell,0.01,0.01,XAUUSDm,2490.847,2488.751,2491,,0,0,2.1,,,user
1127768323,2024-09-04T07:11:02.851000,2024-09-04T09:55:58.743000,buy,0.01,0.01,USOILm,69.27,69.5,69.5,,0,0,2.3,,,sl
1127415217,2024-09-04T03:35:56.858000,2024-09-04T09:55:58.742000,buy,0.01,0.01,USOILm,69.411,69.5,69.5,,0,0,0.89,,,sl
1126272336,2024-09-03T15:30:26.550000,2024-09-03T16:49:09.702000,buy,0.01,0.01,USOILm,70.128,69.8,69.8,,0,0,-3.28,,,sl
1125585475,2024-09-03T13:27:38.990000,2024-09-03T13:48:58.323000,buy,0.01,0.01,USDJPYm,145.737,145.3,145.3,,0,0,-3.01,,,sl
1124914546,2024-09-03T09:42:24.492000,2024-09-03T10:00:47.158000,buy,0.01,0.01,USOILm,72.379,72.1,72.1,,0,0,-2.79,,,sl
1124706718,2024-09-03T08:00:38.973000,2024-09-03T08:05:07.550000,buy,0.02,0.02,USOILm,73.274,73.1,73.1,,0,0,-3.48,,,sl
1123900565,2024-09-02T23:16:47.839000,2024-09-03T07:33:46.217000,buy,0.03,0.03,USOILm,73.093,73.35,73.35,,0,0,7.71,,,sl
1123235104,2024-09-02T10:31:42.876000,2024-09-02T22:10:35.995000,buy,0.01,0.01,USOILm,72.957,73.146,73.3,,0,0,1.89,,,sl
1122353565,2024-09-02T03:23:56.612000,2024-09-02T22:10:35.993000,buy,0.01,0.01,USOILm,72.481,73.146,73.3,,0,0,6.65,,,sl
1122049349,2024-09-02T01:57:14.421000,2024-09-02T22:10:35.990000,buy,0.01,0.01,USOILm,72.611,73.146,73.3,,0,0,5.35,,,sl
1119336277,2024-08-30T15:12:21.055000,2024-09-01T23:17:46.475000,buy,0.01,0.01,USOILm,73.335,72.671,,,0,0,-6.64,-0.19,,so
1120185577,2024-08-31T08:01:03.846000,2024-08-31T17:51:47.517000,buy,0.1,0.1,ETHUSDm,2528.14,2496,2496,,0,0,-3.21,,,sl
1118168340,2024-08-30T09:16:30.207000,2024-08-30T12:23:38.206000,sell,0.01,0.01,XAUUSDm,2525.138,2524,2524,,0,0,1.14,,,sl
1117634454,2024-08-30T03:57:34.527000,2024-08-30T08:52:41.449000,buy,0.01,0.01,USOILm,75.537,75.53,75.53,,0,0,-0.07,,,sl
1117629110,2024-08-30T03:51:45.188000,2024-08-30T08:52:41.449000,buy,0.01,0.01,USOILm,75.572,75.53,75.53,,0,0,-0.42,,,sl
1117426397,2024-08-30T01:23:08.887000,2024-08-30T03:52:58.626000,sell,0.01,0.01,GBPUSDm,1.31673,1.31674,1.3174000000000001,,0,0,-0.01,,,user
1116862661,2024-08-29T16:46:26.483000,2024-08-29T17:55:02.890000,buy,0.01,0.01,USOILm,75.017,75.02,75.02,,0,0,0.03,,,sl
1115719628,2024-08-29T11:35:30.291000,2024-08-29T14:14:29.883000,buy,0.01,0.01,USOILm,74.4,75.897,75.2,,0,0,14.97,,,user
1115667399,2024-08-29T09:07:09.488000,2024-08-29T14:14:29.455000,buy,0.01,0.01,USOILm,73.687,75.897,75.2,,0,0,22.1,,,user
1115793595,2024-08-29T10:16:48.135000,2024-08-29T12:32:14.057000,buy,0.01,0.01,USDJPYm,144.49,145.236,144.8,,0,0,5.14,,,user
1115796381,2024-08-29T10:19:01.847000,2024-08-29T12:32:13.124000,buy,0.01,0.01,USDJPYm,144.475,145.248,144.8,,0,0,5.32,,,user
1115560611,2024-08-29T08:09:24.314000,2024-08-29T09:13:10.245000,buy,0.03,0.03,USDJPYm,144.606,144.6,144.6,,0,0,-0.12,,,sl
1115337691,2024-08-29T06:04:38.679000,2024-08-29T08:05:02.749000,buy,0.02,0.02,USDJPYm,144.602,144.6,144.6,,0,0,-0.03,,,sl
1115375721,2024-08-29T06:26:35.059000,2024-08-29T08:05:02.749000,buy,0.01,0.01,USDJPYm,144.499,144.6,144.6,,0,0,0.7,,,sl
1115225448,2024-08-29T04:54:23.279000,2024-08-29T05:53:45.513000,buy,0.01,0.01,USDJPYm,144.718,144.6,144.6,,0,0,-0.82,,,sl
1115171006,2024-08-29T04:05:35.228000,2024-08-29T05:53:45.512000,buy,0.01,0.01,USDJPYm,144.498,144.6,144.6,,0,0,0.71,,,sl
1115204750,2024-08-29T04:36:48.260000,2024-08-29T05:30:13.217000,sell,0.01,0.01,XAUUSDm,2517.765,2517.5,2517.5,,0,0,0.27,,,sl
1114935211,2024-08-29T00:26:15.761000,2024-08-29T04:02:44.232000,buy,0.02,0.02,USDCHFm,0.84158,0.8404,0.8404,,0,0,-2.81,,,sl
1115056856,2024-08-29T02:16:04.387000,2024-08-29T04:02:44.232000,buy,0.01,0.01,USDCHFm,0.84162,0.8404,0.8404,,0,0,-1.45,,,sl
1115152881,2024-08-29T03:52:42.189000,2024-08-29T04:02:44.231000,buy,0.01,0.01,USDCHFm,0.84097,0.8404,0.8404,,0,0,-0.68,,,sl
1114515690,2024-08-28T16:50:56.927000,2024-08-28T20:38:00.548000,buy,0.01,0.01,XAUUSDm,2502.719,2504,2504,,0,0,1.28,,,sl
1114391486,2024-08-28T15:56:05.112000,2024-08-28T16:39:50.884000,sell,0.01,0.01,XAUUSDm,2508.017,2503,2503,,0,0,5.02,,,sl
1113562592,2024-08-28T11:09:15.129000,2024-08-28T15:18:08.885000,buy,0.01,0.01,EURJPYm,160.772,160.7,160.7,,0,0,-0.5,,,sl
1113583251,2024-08-28T11:16:53.259000,2024-08-28T15:18:08.884000,buy,0.01,0.01,EURJPYm,160.716,160.7,160.7,,0,0,-0.11,,,sl
1110454394,2024-08-27T09:56:02.763000,2024-08-27T13:01:24.952000,buy,0.01,0.01,USDCHFm,0.84637,0.84484,,,0,0,-1.81,-0.37,,so
1109262596,2024-08-26T17:00:37.813000,2024-08-27T13:01:24.951000,buy,0.01,0.01,USDCHFm,0.84733,0.84484,,,0,0,-2.95,-0.37,,so
1109213643,2024-08-26T16:23:27.838000,2024-08-27T13:01:24.949000,buy,0.01,0.01,USDCHFm,0.84778,0.84484,,,0,0,-3.48,-0.37,,so
1109199130,2024-08-26T16:11:37.944000,2024-08-27T13:01:24.948000,buy,0.01,0.01,USDCHFm,0.84791,0.84484,,,0,0,-3.63,-0.37,,so
1107898251,2024-08-26T03:57:21.906000,2024-08-26T14:27:17.828000,sell,0.01,0.01,EURUSDm,1.11821,1.117,1.117,,0,0,1.21,,,sl
1107678129,2024-08-26T00:38:50.978000,2024-08-26T14:27:17.828000,sell,0.02,0.02,EURUSDm,1.11952,1.117,1.117,,0,0,5.04,,,sl
1107757320,2024-08-26T03:33:04.193000,2024-08-26T14:27:17.827000,sell,0.02,0.02,EURUSDm,1.11833,1.117,1.117,,0,0,2.66,,,sl
1107661449,2024-08-26T00:16:36.215000,2024-08-26T00:28:44.668000,buy,0.01,0.01,USDJPYm,143.746,143.523,,,0,0,-1.55,,,user
1106902023,2024-08-24T16:08:27.459000,2024-08-25T07:13:45.539000,buy,0.01,0.01,BTCUSDm,64107.57,63900,63900,,0,0,-2.08,,,sl
1104474644,2024-08-23T08:59:23.174000,2024-08-23T17:27:41.587000,buy,0.01,0.01,USOILm,73.45,74.765,74,,0,0,13.15,,,user
1103876810,2024-08-23T01:32:07.229000,2024-08-23T17:27:41.586000,buy,0.01,0.01,USOILm,72.913,74.766,74,,0,0,18.53,,,user
1101638656,2024-08-22T11:06:18.438000,2024-08-23T17:27:41.576000,buy,0.01,0.01,USOILm,72.2,74.766,74,,0,0,25.66,,,user
1101278147,2024-08-22T07:37:38.549000,2024-08-23T17:27:41.575000,buy,0.01,0.01,USOILm,71.671,74.766,74,,0,0,30.95,,,user
1101201042,2024-08-22T07:07:04.113000,2024-08-22T07:36:13.331000,buy,0.01,0.01,USDJPYm,145.4,145.1,145.1,,0,0,-2.07,,,sl
1042342554,2024-08-05T05:21:07.134000,2024-08-05T08:53:11.516000,buy,0.01,0.01,USOILm,72.55,71.529,,,0,0,-10.21,-0.37,,so
1042114083,2024-08-05T03:58:08.684000,2024-08-05T08:53:11.514000,buy,0.01,0.01,USOILm,73.138,71.529,,,0,0,-16.09,-0.37,,so
1041952585,2024-08-05T03:12:42.776000,2024-08-05T03:56:45.921000,buy,0.01,0.01,EURJPYm,158.232,157.7,157.7,,0,0,-3.69,,,sl
1041443888,2024-08-05T01:16:22.891000,2024-08-05T01:17:27.522000,buy,0.01,0.01,USOILm,73.07,73.032,,,0,0,-0.38,,,user
1039594245,2024-08-04T02:51:28.074000,2024-08-04T15:58:48.663000,buy,0.01,0.01,BTCUSDm,60879,58862.59,,,0,0,-20.16,-0.16,,so
1033994297,2024-08-01T08:14:18.131000,2024-08-01T12:09:01.766000,sell,0.01,0.01,BTCUSDm,64340.31,64787.64,,,0,0,-4.48,-0.2,,so
1033933849,2024-08-01T07:32:38.283000,2024-08-01T07:38:03.607000,sell,0.01,0.01,USOILm,78.088,78.242,80.588,,0,0,-1.54,,,user
1033695001,2024-08-01T04:26:41.240000,2024-08-01T07:23:49.145000,sell,0.01,0.01,USOILm,78.074,78,78,,0,0,0.74,,,sl
1033460837,2024-08-01T01:37:39.192000,2024-08-01T04:19:09.284000,sell,0.01,0.01,USOILm,78.078,78,78,,0,0,0.78,,,sl
1033401268,2024-08-01T01:15:20.698000,2024-08-01T01:30:05.980000,buy,0.01,0.01,USDCHFm,0.87733,0.8765,0.8765,,0,0,-0.95,,,sl
1033372474,2024-08-01T01:05:44.682000,2024-08-01T01:30:05.980000,buy,0.01,0.01,USDCHFm,0.87755,0.8765,0.8765,,0,0,-1.2,,,sl
1033326360,2024-08-01T00:37:10.383000,2024-08-01T01:30:05.980000,buy,0.01,0.01,USDCHFm,0.87769,0.8765,0.8765,,0,0,-1.36,,,sl
1033328215,2024-08-01T00:38:53.626000,2024-08-01T00:58:19.076000,buy,0.01,0.01,EURJPYm,162.075,161.725,161.725,,0,0,-2.34,,,sl
1032075944,2024-07-31T10:09:55.884000,2024-07-31T11:35:48.497000,sell,0.01,0.01,XAUUSDm,2421.647,2421.5,2421.5,,0,0,0.15,,,sl
1031763921,2024-07-31T06:11:43.207000,2024-07-31T07:01:02.548000,buy,0.01,0.01,EURJPYm,165.496,164.616,,,0,0,-5.78,-0.1,,so
1031379121,2024-07-31T00:03:34.264000,2024-07-31T01:36:28.716000,sell,0.01,0.01,XAUUSDm,2409.162,2409,2409,,0,0,0.16,,,sl
1031385697,2024-07-31T00:17:20.583000,2024-07-31T00:31:18.548000,buy,0.01,0.01,EURJPYm,164.992,164.70600000000002,164.642,,0,0,-1.88,,,user
1030756605,2024-07-30T15:03:08.435000,2024-07-30T18:14:00.146000,buy,0.01,0.01,USOILm,74.405,74.41,74.41,,0,0,0.05,,,sl
1027344885,2024-07-30T04:42:17.106000,2024-07-30T13:03:08.403000,buy,0.01,0.01,EURJPYm,167.05,167.3,167.3,,0,0,1.61,,,sl
1029584442,2024-07-30T06:18:57.889000,2024-07-30T13:03:08.402000,buy,0.01,0.01,EURJPYm,167.6,167.3,167.3,,0,0,-1.94,,,sl
1027530298,2024-07-29T09:12:33.389000,2024-07-30T13:03:08.401000,buy,0.01,0.01,EURJPYm,166.438,167.3,167.3,,0,0,5.57,,,sl
1027334122,2024-07-29T07:35:12.702000,2024-07-30T13:03:08.401000,buy,0.01,0.01,EURJPYm,166.61,167.3,167.3,,0,0,4.46,,,sl
1026796139,2024-07-29T01:47:19.669000,2024-07-29T07:31:10.008000,sell,0.01,0.01,XAUUSDm,2392.756,2393,2393,,0,0,-0.24,,,sl
1025399039,2024-07-26T13:25:17.115000,2024-07-26T13:27:52.822000,sell,0.01,0.01,XAUUSDm,2379.503,2379.5,2379.5,,0,0,0,,,sl
1025354275,2024-07-26T13:04:18.168000,2024-07-26T13:05:26.953000,buy,0.01,0.01,USDJPYm,154.116,153.9,153.9,,0,0,-1.4,,,sl
1025299079,2024-07-26T12:41:19.813000,2024-07-26T12:57:08.903000,buy,0.02,0.02,USOILm,77.503,77.3,77.3,,0,0,-4.06,,,sl
1024819134,2024-07-26T07:14:43.604000,2024-07-26T12:30:24.535000,buy,0.01,0.01,USDJPYm,153.888,154.35,154.35,155.3,0,0,2.99,,,sl
1024309086,2024-07-26T08:30:50.763000,2024-07-26T12:30:24.535000,buy,0.01,0.01,USDJPYm,154.4,154.35,154.35,155.3,0,0,-0.32,,,sl
1024745700,2024-07-26T06:04:45.983000,2024-07-26T12:30:24.534000,buy,0.01,0.01,USDJPYm,153.636,154.35,154.35,155.189,0,0,4.63,,,sl
1024649771,2024-07-26T04:42:03.558000,2024-07-26T06:04:25.109000,buy,0.01,0.01,XAUUSDm,2371.308,2372.302,2371,,0,0,0.99,,,user
1024660784,2024-07-26T04:56:54.998000,2024-07-26T05:14:07.750000,buy,0.01,0.01,USDJPYm,153.649,153.5,153.5,,0,0,-0.97,,,sl
1024398287,2024-07-26T01:36:43.772000,2024-07-26T04:39:11.984000,buy,0.01,0.01,USDJPYm,153.63,153.6,153.6,,0,0,-0.2,,,sl
1024303445,2024-07-26T00:36:44.440000,2024-07-26T01:32:37.034000,buy,0.01,0.01,USDJPYm,153.83,153.7,153.7,,0,0,-0.85,,,sl
1023918123,2024-07-25T17:24:36.173000,2024-07-25T18:50:11.495000,buy,0.01,0.01,USDJPYm,153.808,153.81,153.81,,0,0,0.01,,,sl
1022908989,2024-07-25T10:20:40.991000,2024-07-25T13:06:57.556000,buy,0.01,0.01,USDJPYm,152.156,154.071,153.2,,0,0,12.43,,,user
1022840993,2024-07-25T09:24:51.462000,2024-07-25T10:05:31.445000,buy,0.01,0.01,XAUUSDm,2372.104,2372.11,2372.11,,0,0,0.01,,,sl
1022816120,2024-07-25T09:05:20.420000,2024-07-25T09:23:03.722000,buy,0.01,0.01,XAUUSDm,2373.536,2371,2371,,0,0,-2.54,,,sl
1022803516,2024-07-25T08:54:00.524000,2024-07-25T09:03:56.933000,buy,0.02,0.02,USOILm,76.571,76.404,46.4,,0,0,-3.34,,,user
1022439020,2024-07-25T04:43:40.217000,2024-07-25T08:35:20.858000,buy,0.01,0.01,USOILm,76.646,76.7,76.7,,0,0,0.54,,,sl
1022360038,2024-07-25T03:35:53.057000,2024-07-25T08:35:20.858000,buy,0.01,0.01,USOILm,76.73,76.7,76.7,,0,0,-0.3,,,sl
1021945972,2024-07-25T01:29:01.722000,2024-07-25T01:37:54.112000,buy,0.01,0.01,EURJPYm,165.828,165.709,165.478,,0,0,-0.78,,,user
1021002626,2024-07-24T12:58:26.116000,2024-07-24T13:36:03.582000,buy,0.01,0.01,EURJPYm,167,166.75,166.75,,0,0,-1.63,,,sl
1020953802,2024-07-24T12:31:36.760000,2024-07-24T12:54:36.145000,sell,0.01,0.01,XAUUSDm,2417.955,2420.955,2420.955,,0,0,-3,,,sl
1020590153,2024-07-24T07:37:24.557000,2024-07-24T12:17:53.931000,buy,0.01,0.01,USOILm,76.976,77.5,77.5,,0,0,5.24,,,sl
1020682346,2024-07-24T08:37:31.891000,2024-07-24T12:17:53.930000,buy,0.01,0.01,USOILm,77.342,77.5,77.5,,0,0,1.58,,,sl
1020886462,2024-07-24T11:39:35.625000,2024-07-24T11:48:17.356000,buy,0.01,0.01,EURJPYm,167.288,167.088,167.088,,0,0,-1.3,,,sl
1020562694,2024-07-24T07:08:01.792000,2024-07-24T07:30:00.146000,buy,0.01,0.01,EURUSDm,1.08456,1.0846,1.0846,,0,0,0.04,,,sl
1020451993,2024-07-24T05:10:38.878000,2024-07-24T07:00:34.220000,buy,0.01,0.01,USOILm,76.938,76.95,76.95,,0,0,0.12,,,sl
1019242356,2024-07-23T12:40:44.880000,2024-07-23T14:53:50.442000,buy,0.01,0.01,EURJPYm,169.491,169.176,,,0,0,-2.02,-0.27,,so
1019118611,2024-07-23T11:25:58.586000,2024-07-23T14:53:50.441000,buy,0.02,0.02,EURJPYm,169.614,169.176,,,0,0,-5.62,-0.27,,so
1019017903,2024-07-23T10:15:19.067000,2024-07-23T11:17:04.298000,sell,0.01,0.01,XAUUSDm,2407.663,2409.663,2409.663,,0,0,-2,,,sl
1018990885,2024-07-23T09:56:06.971000,2024-07-23T10:12:46.015000,sell,0.01,0.01,XAUUSDm,2407.608,2407.5,2407.5,,0,0,0.11,,,sl
1018919376,2024-07-23T09:14:19.155000,2024-07-23T09:42:33.188000,sell,0.01,0.01,XAUUSDm,2406.677,2406.5,2406.5,2381.727,0,0,0.18,,,sl
1018705148,2024-07-23T07:41:57.691000,2024-07-23T07:48:11.067000,buy,0.01,0.01,EURJPYm,170.069,169.819,169.819,,0,0,-1.6,,,sl
1016908687,2024-07-22T11:56:06.556000,2024-07-22T12:14:45.568000,buy,0.01,0.01,USOILm,78.074,77.874,77.874,,0,0,-2,,,sl
1016765144,2024-07-22T10:24:14.612000,2024-07-22T11:21:58.944000,buy,0.01,0.01,USOILm,78.223,78.023,78.023,,0,0,-2,,,sl
1016641344,2024-07-22T09:05:55.588000,2024-07-22T09:39:22.113000,buy,0.01,0.01,USOILm,78.595,78.295,78.295,,0,0,-3,,,sl
1016400430,2024-07-22T06:27:18.217000,2024-07-22T06:49:55.168000,buy,0.01,0.01,USOILm,78.776,78.676,78.676,,0,0,-1,,,sl
1016221156,2024-07-22T04:11:47.854000,2024-07-22T06:22:40.964000,buy,0.01,0.01,USOILm,78.872,78.75,78.75,,0,0,-1.22,,,sl
1016169890,2024-07-22T03:13:57.907000,2024-07-22T03:52:45.881000,sell,0.01,0.01,XAUUSDm,2407.179,2407.279,2407.279,,0,0,-0.1,,,sl
1014458097,2024-07-19T12:48:22.414000,2024-07-19T13:06:26.242000,buy,0.01,0.01,XAUUSDm,2402.219,2398.259,,,0,0,-3.96,-0.22,,so
1014349479,2024-07-19T12:06:54.976000,2024-07-19T13:06:26.240000,buy,0.01,0.01,XAUUSDm,2407.635,2398.259,,,0,0,-9.38,-0.22,,so
1014326483,2024-07-19T11:58:28.261000,2024-07-19T12:03:59.426000,buy,0.01,0.01,XAUUSDm,2409.422,2406.922,2406.922,,0,0,-2.5,,,sl
1014164664,2024-07-19T10:17:43.435000,2024-07-19T11:54:13.267000,buy,0.01,0.01,XAUUSDm,2411.56,2409.06,2409.06,,0,0,-2.5,,,sl
1013768708,2024-07-19T06:48:01.353000,2024-07-19T08:35:02.635000,buy,0.01,0.01,EURUSDm,1.08867,1.0878,1.0878,,0,0,-0.87,,,sl
1013744710,2024-07-19T06:37:09.555000,2024-07-19T08:35:02.634000,buy,0.01,0.01,EURUSDm,1.08881,1.0878,1.0878,,0,0,-1.01,,,sl
1009460821,2024-07-17T13:31:59.170000,2024-07-17T13:36:58.776000,sell,0.01,0.01,XAUUSDm,2472.801,2479.338,,,0,0,-6.54,-0.11,,so
1009118233,2024-07-17T10:49:10.141000,2024-07-17T13:09:24.887000,sell,0.01,0.01,XAUUSDm,2469.207,2478,2478,,0,0,-8.79,,,sl
1008723714,2024-07-17T07:31:26.362000,2024-07-17T08:00:49.449000,buy,0.03,0.03,EURJPYm,171.536,171.286,171.286,,0,0,-4.78,,,sl
1008561437,2024-07-17T05:58:51.884000,2024-07-17T07:28:19.580000,buy,0.03,0.03,USDCHFm,0.89363,0.89274,0.89274,,0,0,-2.99,,,sl
1008557663,2024-07-17T05:55:33.082000,2024-07-17T05:56:04.247000,buy,0.03,0.03,EURJPYm,172.316,172.2,172.2,,0,0,-2.2,,,sl
1008535880,2024-07-17T05:39:38.453000,2024-07-17T05:52:43.953000,buy,0.03,0.03,EURJPYm,172.533,172.283,172.283,,0,0,-4.75,,,sl
1007309934,2024-07-16T13:57:38.929000,2024-07-17T04:40:35.151000,buy,0.03,0.03,EURJPYm,172.613,172.608,172.608,,0,0,-0.09,,,sl
1006880494,2024-07-16T10:46:40.016000,2024-07-16T12:30:01.355000,buy,0.01,0.01,EURJPYm,172.675,172.45,172.45,,0,0,-1.42,,,sl
1006943558,2024-07-16T11:35:06.130000,2024-07-16T12:30:01.352000,buy,0.01,0.01,EURJPYm,172.622,172.45,172.45,,0,0,-1.09,,,sl
1006822250,2024-07-16T09:50:35.689000,2024-07-16T12:30:01.349000,buy,0.02,0.02,EURJPYm,172.604,172.45,172.45,,0,0,-1.94,,,sl
1006590637,2024-07-16T07:06:08.156000,2024-07-16T11:48:52.006000,buy,0.01,0.01,USDCHFm,0.89496,0.8954,0.8954,,0,0,0.49,,,sl
1006540419,2024-07-16T06:25:45.722000,2024-07-16T11:48:52.003000,buy,0.02,0.02,USDCHFm,0.89517,0.8954,0.8954,,0,0,0.51,,,sl
1006739714,2024-07-16T08:46:46.954000,2024-07-16T11:48:52.002000,buy,0.01,0.01,USDCHFm,0.89551,0.8954,0.8954,,0,0,-0.12,,,sl
1006894735,2024-07-16T11:00:45.680000,2024-07-16T11:04:32.753000,buy,0.01,0.01,USOILm,80.073,79.873,79.873,,0,0,-2,,,sl
1006771478,2024-07-16T09:16:18.847000,2024-07-16T09:28:14.711000,sell,0.01,0.01,XAUUSDm,2438.943,2441,2441,,0,0,-2.06,,,sl
1006603122,2024-07-16T07:16:10.136000,2024-07-16T08:12:21.222000,sell,0.01,0.01,XAUUSDm,2434.879,2434.779,2434.779,,0,0,0.1,,,sl
1006567612,2024-07-16T06:51:19.109000,2024-07-16T07:00:55.908000,sell,0.01,0.01,XAUUSDm,2432.277,2435,2435,,0,0,-2.72,,,sl
1005996621,2024-07-15T18:02:57.867000,2024-07-16T06:07:19.407000,buy,0.01,0.01,XAUUSDm,2421.181,2429,2429,,0,0,7.82,,,sl
1005927202,2024-07-15T17:18:46.215000,2024-07-16T04:39:10.180000,buy,0.02,0.02,USDCHFm,0.89556,0.89552,0.89552,,0,0,-0.09,,,sl
1005576058,2024-07-15T14:39:25.689000,2024-07-15T16:41:48.939000,buy,0.01,0.01,USDCHFm,0.89521,0.8942,0.8942,,0,0,-1.13,,,sl
1005454194,2024-07-15T13:34:10.640000,2024-07-15T16:41:48.938000,buy,0.01,0.01,USDCHFm,0.89391,0.8942,0.8942,,0,0,0.32,,,sl
1005412744,2024-07-15T13:11:23.654000,2024-07-15T16:05:28.075000,buy,0.01,0.01,EURJPYm,172.462,172.2,172.2,,0,0,-1.66,,,sl
1005318287,2024-07-15T12:12:01.035000,2024-07-15T16:05:28.074000,buy,0.01,0.01,EURJPYm,172.376,172.2,172.2,,0,0,-1.11,,,sl
1005394437,2024-07-15T13:00:46.520000,2024-07-15T13:09:39.831000,buy,0.01,0.01,XAUUSDm,2414.663,2412,2412,,0,0,-2.66,,,sl
1004939675,2024-07-15T06:49:39.999000,2024-07-15T12:35:46.062000,buy,0.01,0.01,XAUUSDm,2403.198,2415.5,2415.5,,0,0,12.3,,,sl
1004774432,2024-07-15T04:12:39.736000,2024-07-15T07:12:06.516000,buy,0.01,0.01,EURJPYm,172.143,171.904,171.904,,0,0,-1.51,,,sl
1004900298,2024-07-15T06:24:17.450000,2024-07-15T06:25:56.056000,buy,0.01,0.01,XAUUSDm,2405.632,2404,2404,,0,0,-1.63,,,sl
1003792774,2024-07-12T18:11:36.566000,2024-07-15T01:54:16.456000,sell,0.01,0.01,XAUUSDm,2416.267,2410,2410,,0,0,6.27,,,sl
1002949819,2024-07-12T10:33:52.781000,2024-07-12T12:30:02.157000,buy,0.01,0.01,XAUUSDm,2401.575,2396.917,2397.575,,0,0,-4.66,,,sl
1002852323,2024-07-12T09:20:42.962000,2024-07-12T11:00:00.509000,sell,0.02,0.02,GBPUSDm,1.29475,1.2962500000000001,1.2962500000000001,,0,0,-3,,,sl
999310373,2024-07-10T08:46:15.042000,2024-07-10T12:33:28.275000,buy,0.01,0.01,BTCUSDm,58766.85,58066.85,58066.85,,0,0,-7,,,sl
999148419,2024-07-10T06:01:44.109000,2024-07-10T07:10:52.598000,buy,0.01,0.01,USOILm,80.348,80.15,80.15,,0,0,-1.98,,,sl
980253003,2024-06-26T10:57:48.683000,2024-06-26T15:19:05.007000,sell,0.02,0.02,USDJPYm,160.27,160.685,,,0,0,-5.17,-0.18,,so
980200154,2024-06-26T10:28:48.238000,2024-06-26T15:19:05.005000,sell,0.02,0.02,USDJPYm,160.111,160.685,,,0,0,-7.14,-0.18,,so
980182280,2024-06-26T10:22:54.376000,2024-06-26T10:26:10.969000,buy,0.01,0.01,XAUUSDm,2309.824,2307.824,2307.824,,0,0,-2,,,sl
979754131,2024-06-26T06:06:14.456000,2024-06-26T10:18:26.180000,buy,0.01,0.01,XAUUSDm,2310.616,2312,2312,,0,0,1.38,,,sl
979548030,2024-06-26T03:22:23.844000,2024-06-26T09:35:26.726000,sell,0.01,0.01,USDJPYm,159.81,160.06,160.06,,0,0,-1.56,,,sl
980018391,2024-06-26T08:36:19.670000,2024-06-26T09:35:26.725000,sell,0.01,0.01,USDJPYm,159.922,160.06,160.06,,0,0,-0.86,,,sl
978130117,2024-06-25T13:03:53.173000,2024-06-26T08:16:30.618000,buy,0.01,0.01,BTCUSDm,61098.01,61500,61500,,0,0,4.02,,,sl
979519286,2024-06-26T03:00:26.976000,2024-06-26T04:33:02.798000,buy,0.01,0.01,XAUUSDm,2319.074,2316.074,2316.074,,0,0,-3,,,sl
977995428,2024-06-25T12:17:34.056000,2024-06-25T12:31:55.818000,buy,0.01,0.01,XAUUSDm,2328.006,2326.006,2326.006,,0,0,-2,,,sl
977423454,2024-06-25T06:34:32.824000,2024-06-25T11:26:25.764000,buy,0.01,0.01,XAUUSDm,2324.677,2331,2331,,0,0,6.32,,,sl
972200940,2024-06-20T05:23:48.507000,2024-06-20T05:37:05.176000,sell,0.01,0.01,XAUUSDm,2341.448,2344.448,2344.448,,0,0,-3,,,sl
971871578,2024-06-19T16:22:01.112000,2024-06-20T01:01:46.703000,sell,0.01,0.01,XAUUSDm,2331.172,2331.272,2331.272,,0,0,-0.1,,,sl
971729828,2024-06-19T13:58:57.028000,2024-06-19T15:52:44.703000,sell,0.01,0.01,XAUUSDm,2327.981,2329.481,2329.481,,0,0,-1.5,,,sl
971542044,2024-06-19T11:08:39.839000,2024-06-19T11:40:05.387000,sell,0.01,0.01,XAUUSDm,2326.135,2330.135,2330.135,,0,0,-4,,,sl
971272163,2024-06-19T06:15:20.135000,2024-06-19T07:04:17.002000,sell,0.01,0.01,XAUUSDm,2329.544,2331.544,2331.544,,0,0,-2,,,sl
961236619,2024-06-10T12:24:30.769000,2024-06-10T14:44:50.287000,sell,0.01,0.01,USOILm,76.023,76.3,76.3,,0,0,-2.77,,,sl
961160994,2024-06-10T11:35:37.345000,2024-06-10T11:55:03.025000,sell,0.01,0.01,XAUUSDm,2300.779,2304.779,2304.779,,0,0,-4,,,sl
961072611,2024-06-10T10:01:15.285000,2024-06-10T10:33:43.345000,buy,0.02,0.02,GBPUSDm,1.26975,1.26875,1.26875,,0,0,-2,,,sl
960992770,2024-06-10T08:50:35.072000,2024-06-10T09:28:17.264000,buy,0.01,0.01,EURUSDm,1.07586,1.0752,1.0752,,0,0,-0.66,,,sl
960919220,2024-06-10T07:33:32.935000,2024-06-10T09:28:17.261000,buy,0.01,0.01,EURUSDm,1.07625,1.0752,1.0752,,0,0,-1.05,,,sl
960887343,2024-06-10T07:11:41.386000,2024-06-10T09:28:17.260000,buy,0.02,0.02,EURUSDm,1.07503,1.0752,1.0752,,0,0,0.34,,,sl
960910400,2024-06-10T07:27:40.125000,2024-06-10T07:39:35.064000,buy,0.01,0.01,EURUSDm,1.07603,1.0758,1.0758,,0,0,-0.23,,,sl
960748057,2024-06-10T05:17:41.037000,2024-06-10T06:58:20.178000,buy,0.02,0.02,EURUSDm,1.07513,1.0752,1.0752,,0,0,0.14,,,sl
960330216,2024-06-08T03:12:42.757000,2024-06-09T12:47:02.985000,sell,0.01,0.01,BTCUSDm,69421.81,69721.81,69721.81,,0,0,-3,,,sl
959892298,2024-06-07T15:54:07.294000,2024-06-07T18:38:47.452000,buy,0.01,0.01,XAUUSDm,2306.441,2300.441,2300.441,,0,0,-6,,,sl
958387545,2024-06-07T07:07:39.072000,2024-06-07T12:31:02.652000,buy,0.02,0.02,USDCHFm,0.8887,0.8945900000000001,0.8904,,0,0,13.17,,,user
958199579,2024-06-07T04:32:30.762000,2024-06-07T12:31:02.645000,buy,0.02,0.02,USDCHFm,0.88987,0.8945900000000001,0.8904,,0,0,10.55,,,user
958120141,2024-06-07T03:11:50.659000,2024-06-07T12:31:02.641000,buy,0.02,0.02,USDCHFm,0.89024,0.8945900000000001,0.8904,,0,0,9.73,,,user
958829852,2024-06-07T11:01:20.527000,2024-06-07T12:28:02.586000,buy,0.01,0.01,XAUUSDm,2332.764,2332.622,2329.764,,0,0,-0.14,,,user
958800968,2024-06-07T10:39:19.989000,2024-06-07T10:50:43.701000,buy,0.01,0.01,XAUUSDm,2335.029,2332.029,2332.029,,0,0,-3,,,sl
958136882,2024-06-07T03:30:13.166000,2024-06-07T04:25:19.006000,sell,0.01,0.01,XAUUSDm,2377.947,2382.947,2382.947,,0,0,-5,,,sl
956033459,2024-06-05T15:12:33.292000,2024-06-05T15:37:50.488000,sell,0.01,0.01,XAUUSDm,2351.616,2355.616,2355.616,,0,0,-4,,,sl
955722802,2024-06-05T13:17:57.917000,2024-06-05T14:32:26.366000,sell,0.01,0.01,XAUUSDm,2343.091,2348.091,2348.091,,0,0,-5,,,sl
955650283,2024-06-05T12:42:15.379000,2024-06-05T12:54:30.063000,sell,0.01,0.01,XAUUSDm,2337.53,2343.53,2343.53,,0,0,-6,,,sl
955159405,2024-06-05T05:16:23.388000,2024-06-05T06:26:23.739000,sell,0.01,0.01,XAUUSDm,2340.887,2331.039,2338,,0,0,9.85,,,user
955132044,2024-06-05T04:53:55.480000,2024-06-05T05:06:09.960000,sell,0.01,0.01,XAUUSDm,2337.788,2340.288,2340.288,,0,0,-2.5,,,sl
951948134,2024-06-03T23:48:47.267000,2024-06-04T07:55:49.191000,buy,0.01,0.01,USOILm,73.991,72.861,,,0,0,-11.3,-0.16,,so
949657630,2024-06-03T08:03:08.761000,2024-06-03T18:07:59.160000,sell,0.02,0.02,EURJPYm,170.267,170.15,170.15,,0,0,1.5,,,sl
949796329,2024-06-03T09:27:44.928000,2024-06-03T18:07:59.158000,sell,0.01,0.01,EURJPYm,170.272,170.15,170.15,,0,0,0.78,,,sl
950075815,2024-06-03T12:16:21.326000,2024-06-03T18:07:59.150000,sell,0.01,0.01,EURJPYm,170.112,170.15,170.15,,0,0,-0.24,,,sl
949666791,2024-06-03T09:49:11.772000,2024-06-03T18:07:59.150000,sell,0.01,0.01,EURJPYm,170.1,170.15,170.15,,0,0,-0.32,,,sl
949159022,2024-06-03T04:25:56.920000,2024-06-03T18:07:59.148000,sell,0.01,0.01,EURJPYm,170.825,170.15,170.15,,0,0,4.32,,,sl
950753259,2024-06-03T15:27:51.811000,2024-06-03T15:29:34.065000,buy,0.01,0.01,USOILm,74.251,74.183,73.951,,0,0,-0.68,,,user
950181081,2024-06-03T13:00:09.385000,2024-06-03T13:22:30.673000,buy,0.01,0.01,USOILm,76.544,76.344,76.344,,0,0,-2,,,sl
950072987,2024-06-03T12:14:37.045000,2024-06-03T12:15:01.450000,sell,0.01,0.01,EURJPYm,170.121,170.15,170.15,,0,0,-0.18,,,sl
949068394,2024-06-03T03:40:34.207000,2024-06-03T05:43:36.785000,buy,0.01,0.01,XAUUSDm,2324.201,2318,2318,,0,0,-6.2,,,sl
947284047,2024-05-31T14:38:08.231000,2024-05-31T14:48:36.242000,buy,0.01,0.01,USOILm,77.388,77.188,77.188,,0,0,-2,,,sl
945337342,2024-05-31T01:12:51.330000,2024-05-31T13:31:00.413000,buy,0.01,0.01,USOILm,77.524,77.8,77.8,,0,0,2.76,,,sl
945293139,2024-05-31T00:53:04.193000,2024-05-31T13:31:00.412000,buy,0.01,0.01,USOILm,77.554,77.8,77.8,,0,0,2.46,,,sl
943836427,2024-05-30T16:52:23.888000,2024-05-30T17:16:07.224000,buy,0.01,0.01,USOILm,77.826,77.5,77.5,,0,0,-3.26,,,sl
943742144,2024-05-30T16:22:31.819000,2024-05-30T17:16:07.223000,buy,0.01,0.01,USOILm,78,77.5,77.5,,0,0,-5,,,sl
943033103,2024-05-30T13:10:09.498000,2024-05-30T15:43:43.281000,buy,0.01,0.01,USOILm,78.37,77.97,77.97,,0,0,-4,,,sl
943012348,2024-05-30T12:45:37.302000,2024-05-30T12:47:54.331000,buy,0.01,0.01,USOILm,78.589,78.5,78.5,,0,0,-0.89,,,sl
942859450,2024-05-30T12:15:21.330000,2024-05-30T12:47:54.329000,buy,0.01,0.01,USOILm,78.655,78.5,78.5,,0,0,-1.55,,,sl
941830466,2024-05-30T05:41:17.052000,2024-05-30T12:11:52.718000,buy,0.01,0.01,XAUUSDm,2325.979,2333,2333,,0,0,7.02,,,sl
942832655,2024-05-30T12:09:14.674000,2024-05-30T12:09:19.890000,buy,0.01,0.01,USOILm,78.754,78.72800000000001,78.454,,0,0,-0.26,,,user
941323375,2024-05-30T01:36:31.980000,2024-05-30T02:41:02.957000,buy,0.01,0.01,XAUUSDm,2335.496,2330.496,2330.496,,0,0,-5,,,sl
939348884,2024-05-29T13:08:01.048000,2024-05-29T13:49:38.109000,sell,0.01,0.01,EURJPYm,170.362,170.6,170.6,,0,0,-1.51,,,sl
939190752,2024-05-29T12:20:29.931000,2024-05-29T13:49:38.108000,sell,0.02,0.02,EURJPYm,170.732,170.6,170.6,,0,0,1.68,,,sl
939117067,2024-05-29T11:51:40.350000,2024-05-29T13:49:38.107000,sell,0.02,0.02,EURJPYm,170.594,170.6,170.6,,0,0,-0.08,,,sl
939119168,2024-05-29T11:52:24.686000,2024-05-29T11:53:31.361000,buy,0.01,0.01,XAUUSDm,2341.673,2338.673,2338.673,,0,0,-3,,,sl
939019823,2024-05-29T10:57:46.123000,2024-05-29T11:46:21.146000,sell,0.02,0.02,EURJPYm,170.597,170.59,170.59,,0,0,0.09,,,sl
938873525,2024-05-29T09:31:09.759000,2024-05-29T09:50:12.523000,sell,0.01,0.01,EURJPYm,170.453,170.549,170.6,,0,0,-0.61,,,user
937969626,2024-05-29T01:08:16.878000,2024-05-29T09:50:04.235000,sell,0.01,0.01,EURJPYm,170.773,170.55,170.55,,0,0,1.42,,,sl
936656662,2024-05-28T15:35:01.810000,2024-05-29T09:50:04.234000,sell,0.01,0.01,EURJPYm,170.685,170.55,170.55,,0,0,0.86,,,sl
938333449,2024-05-29T06:07:49.039000,2024-05-29T09:50:04.234000,sell,0.01,0.01,EURJPYm,170.46,170.55,170.55,,0,0,-0.57,,,sl
938496416,2024-05-29T06:50:14.131000,2024-05-29T08:10:44.957000,sell,0.01,0.01,USOILm,80.052,80.252,80.252,,0,0,-2,,,sl
938453122,2024-05-29T06:30:30.868000,2024-05-29T08:00:01.642000,buy,0.01,0.01,EURUSDm,1.08508,1.08498,1.08498,,0,0,-0.1,,,sl
936512833,2024-05-28T14:38:04.621000,2024-05-28T15:22:00.519000,sell,0.01,0.01,USOILm,79.275,79.525,79.525,,0,0,-2.5,,,sl
935282331,2024-05-28T06:41:28.117000,2024-05-28T13:45:16.014000,buy,0.01,0.01,XAUUSDm,2343.05,2356,2356,2368,0,0,12.95,,,sl
935318109,2024-05-28T06:55:30.914000,2024-05-28T13:45:16.012000,buy,0.01,0.01,XAUUSDm,2342.439,2356,2356,23628,0,0,13.56,,,sl
935188489,2024-05-28T06:20:39.058000,2024-05-28T07:40:01.788000,sell,0.01,0.01,EURJPYm,170.58,170.7,170.7,,0,0,-0.76,,,sl
933215390,2024-05-27T13:02:17.165000,2024-05-28T06:12:12.962000,buy,0.01,0.01,XAUUSDm,2346.332,2347,2347,,0,0,0.67,,,sl
932688446,2024-05-27T08:10:58.689000,2024-05-28T06:12:12.958000,buy,0.01,0.01,XAUUSDm,2340.697,2347,2347,,0,0,6.3,,,sl
934592259,2024-05-28T01:09:44.270000,2024-05-28T05:56:27.800000,sell,0.01,0.01,EURJPYm,170.413,170.613,170.613,,0,0,-1.28,,,sl
932816880,2024-05-27T09:17:52.024000,2024-05-27T10:14:08.957000,sell,0.01,0.01,USOILm,77.872,78.072,78.072,,0,0,-2,,,sl
930324215,2024-05-24T10:20:37.918000,2024-05-27T08:04:56.923000,buy,0.01,0.01,USOILm,76.12,77.65,77.65,,0,0,15.3,,,sl
931473938,2024-05-25T03:17:46.561000,2024-05-25T07:47:40.128000,sell,0.01,0.01,BTCUSDm,68638.45,68756.36,69100,,0,0,-1.18,,,user
930274600,2024-05-24T09:44:34.360000,2024-05-24T10:24:07.979000,sell,0.01,0.01,EURJPYm,170.005,170.155,170.155,,0,0,-0.96,,,sl
930176140,2024-05-24T08:43:08.560000,2024-05-24T09:28:00.472000,buy,0.01,0.01,USOILm,76.401,76.101,76.101,,0,0,-3,,,sl
928003012,2024-05-23T17:19:42.430000,2024-05-24T07:44:43.952000,buy,0.01,0.01,USOILm,76.43,76.42,76.42,,0,0,-0.1,,,sl
927979853,2024-05-23T17:00:26.429000,2024-05-23T17:06:35.750000,buy,0.01,0.01,XAUUSDm,2341.414,2340.49,2340.49,,0,0,-0.92,,,sl
927141931,2024-05-23T13:49:36.741000,2024-05-23T13:50:58.068000,buy,0.01,0.01,XAUUSDm,2355.943,2352,2352,,0,0,-3.94,,,sl
926553718,2024-05-23T10:25:27.151000,2024-05-23T12:55:43.378000,sell,0.01,0.01,EURJPYm,169.91,170.112,170.112,,0,0,-1.29,,,sl
926276478,2024-05-23T08:04:07.555000,2024-05-23T12:39:56.820000,buy,0.01,0.01,XAUUSDm,2356.32,2362,2362,,0,0,5.68,,,sl
922289217,2024-05-22T07:45:38.510000,2024-05-22T13:31:06.388000,buy,0.01,0.01,USOILm,77.376,77.5,77.5,,0,0,1.24,,,sl
922264890,2024-05-22T07:31:03.171000,2024-05-22T07:45:11.142000,buy,0.01,0.01,USOILm,77.492,77.342,77.342,,0,0,-1.5,,,sl
920595756,2024-05-21T16:16:59.913000,2024-05-22T00:48:36.630000,buy,0.01,0.01,USOILm,78.052,78,78,,0,0,-0.52,,,sl
919711442,2024-05-21T12:01:09.239000,2024-05-21T15:36:40.055000,buy,0.01,0.01,USOILm,77.792,78.4,78.4,,0,0,6.08,,,sl
919269710,2024-05-21T08:12:33.816000,2024-05-21T11:12:01.478000,buy,0.01,0.01,USOILm,78.548,77.9,77.9,,0,0,-6.48,,,sl
918897734,2024-05-21T04:53:52.758000,2024-05-21T07:53:11.760000,buy,0.01,0.01,USOILm,78.787,78.387,78.387,,0,0,-4,,,sl
916702374,2024-05-20T14:07:51.376000,2024-05-20T18:43:58.179000,sell,0.01,0.01,EURJPYm,169.596,169.79,169.79,,0,0,-1.24,,,sl
916265990,2024-05-20T12:30:21.478000,2024-05-20T13:03:45.021000,buy,0.01,0.01,USOILm,79.062,78.812,78.812,,0,0,-2.5,,,sl
915980777,2024-05-20T11:05:23.158000,2024-05-20T12:22:20.451000,buy,0.01,0.01,USOILm,79.273,78.973,78.973,,0,0,-3,,,sl
915174145,2024-05-20T05:33:05.314000,2024-05-20T11:04:12.830000,sell,0.01,0.01,USOILm,79.727,79.293,79.729,,0,0,4.34,,,user
915152465,2024-05-20T05:27:46.717000,2024-05-20T05:30:25.481000,sell,0.01,0.01,XAUUSDm,2440.549,2442.549,2442.549,,0,0,-2,,,sl
912610190,2024-05-17T12:43:27.552000,2024-05-17T14:28:55.716000,sell,0.01,0.01,USOILm,79.137,79.147,79.147,,0,0,-0.1,,,sl
912005725,2024-05-17T05:38:45.789000,2024-05-17T12:28:15.538000,sell,0.01,0.01,USOILm,78.95,78.96,78.96,,0,0,-0.1,,,sl
912121205,2024-05-17T06:56:23.238000,2024-05-17T07:20:27.056000,sell,0.01,0.01,EURJPYm,169.071,169.23,169.23,,0,0,-1.02,,,sl
906981392,2024-05-15T13:32:25.764000,2024-05-15T13:47:14.083000,buy,0.02,0.02,USOILm,76.8,76.4,76.4,,0,0,-8,,,sl
906175095,2024-05-15T11:53:11.584000,2024-05-15T13:19:14.777000,buy,0.01,0.01,USOILm,77.175,76.922,76.922,,0,0,-2.53,,,sl
906122060,2024-05-15T11:17:06.273000,2024-05-15T13:19:14.777000,buy,0.01,0.01,USOILm,77.322,76.922,76.922,,0,0,-4,,,sl
905605769,2024-05-15T06:03:57.257000,2024-05-15T11:06:45.762000,sell,0.01,0.01,USOILm,78.172,77.631,78,,0,0,5.41,,,user
905551446,2024-05-15T05:13:31.178000,2024-05-15T05:53:02.338000,sell,0.01,0.01,EURJPYm,169.049,169.23,169.23,,0,0,-1.16,,,sl
905379227,2024-05-15T02:28:54.255000,2024-05-15T05:53:02.337000,sell,0.01,0.01,EURJPYm,169.305,169.23,169.23,,0,0,0.48,,,sl
903297224,2024-05-14T09:18:39.798000,2024-05-14T12:31:28.081000,sell,0.01,0.01,EURJPYm,168.818,169,169,,0,0,-1.16,,,sl
903154882,2024-05-14T07:57:47.119000,2024-05-14T12:31:28.080000,sell,0.01,0.01,EURJPYm,168.758,169,169,,0,0,-1.54,,,sl
902830718,2024-05-14T04:39:50.274000,2024-05-14T06:12:02.118000,sell,0.01,0.01,EURJPYm,168.683,168.883,168.883,,0,0,-1.28,,,sl
901671378,2024-05-13T16:02:25.309000,2024-05-14T00:53:06.426000,sell,0.01,0.01,EURJPYm,168.594,168.714,168.714,,0,0,-0.77,,,sl
901028422,2024-05-13T12:06:59.564000,2024-05-13T13:33:57.691000,sell,0.01,0.01,USOILm,78.414,78.714,78.714,,0,0,-3,,,sl
900743738,2024-05-13T09:00:38.113000,2024-05-13T11:39:52.078000,sell,0.01,0.01,USOILm,78.204,78.5,78.5,,0,0,-2.96,,,sl
900677723,2024-05-13T08:25:34.726000,2024-05-13T11:39:52.076000,sell,0.01,0.01,USOILm,78.136,78.5,78.5,,0,0,-3.64,,,sl
900141361,2024-05-13T00:15:09.914000,2024-05-13T08:16:09.508000,sell,0.01,0.01,EURJPYm,167.893,168.06,168.06,,0,0,-1.07,,,sl
900134903,2024-05-13T00:05:20.426000,2024-05-13T08:16:09.507000,sell,0.01,0.01,EURJPYm,167.82,168.06,168.06,,0,0,-1.54,,,sl
898305509,2024-05-10T06:53:07.497000,2024-05-13T07:17:39.504000,sell,0.01,0.01,USOILm,79.522,78,78,,0,-0.23,15.22,,,sl
895730629,2024-05-09T11:05:18.131000,2024-05-13T07:17:39.503000,sell,0.01,0.01,USOILm,79.305,78,78,,0,-0.4,13.05,,,sl
895442437,2024-05-09T07:40:20.492000,2024-05-09T11:00:21.990000,buy,0.01,0.01,GBPUSDm,1.2478,1.248,1.248,,0,0,0.2,,,sl
895459150,2024-05-09T07:46:41.275000,2024-05-09T11:00:21.989000,buy,0.01,0.01,GBPUSDm,1.2474,1.248,1.248,,0,0,0.6,,,sl
895362254,2024-05-09T06:35:05.653000,2024-05-09T11:00:21.985000,buy,0.02,0.02,GBPUSDm,1.24843,1.248,1.248,,0,0,-0.86,,,sl
895284745,2024-05-09T05:33:09.831000,2024-05-09T06:14:57.577000,buy,0.02,0.02,GBPUSDm,1.24921,1.2482,1.2482,,0,0,-2.02,,,sl
893343887,2024-05-08T08:46:56.743000,2024-05-08T15:45:48.163000,buy,0.01,0.01,USOILm,76.968,78.789,78.2,,0,0,18.21,,,user
893381837,2024-05-08T09:15:27.299000,2024-05-08T15:45:48.147000,buy,0.01,0.01,USOILm,76.855,78.789,78.2,,0,0,19.34,,,user
893284695,2024-05-08T08:14:24.849000,2024-05-08T08:43:50.743000,buy,0.01,0.01,USOILm,77.138,76.9,76.9,,0,0,-2.38,,,sl
893113703,2024-05-08T06:59:07.446000,2024-05-08T07:46:18.350000,buy,0.01,0.01,USOILm,77.502,77.102,77.102,,0,0,-4,,,sl
891047018,2024-05-07T10:03:34.046000,2024-05-07T13:05:08.426000,buy,0.01,0.01,USOILm,78.133,77.511,,,0,0,-6.22,-0.61,,so
891031099,2024-05-07T09:50:03.611000,2024-05-07T13:05:08.424000,buy,0.01,0.01,USOILm,78.252,77.511,,,0,0,-7.41,-0.61,,so
890781004,2024-05-07T06:50:35.122000,2024-05-07T07:54:20.487000,buy,0.01,0.01,USOILm,78.42,78.1,78.1,,0,0,-3.2,,,sl
890272229,2024-05-06T23:04:26.925000,2024-05-07T07:22:05.969000,buy,0.01,0.01,USDJPYm,154.046,154.3,154.3,,0,0,1.65,,,sl
890273678,2024-05-06T23:06:12.931000,2024-05-07T00:58:56.501000,buy,0.01,0.01,USDJPYm,154.085,153.885,153.885,,0,0,-1.3,,,sl
886985360,2024-05-03T16:04:50.678000,2024-05-03T18:30:28.780000,buy,0.01,0.01,USOILm,78.206,77.8,77.8,,0,0,-4.06,,,sl
886687014,2024-05-03T14:25:03.206000,2024-05-03T14:45:41.816000,buy,0.01,0.01,USOILm,78.312,78,78,,0,0,-3.12,,,sl
885247371,2024-05-03T08:08:24.384000,2024-05-03T12:30:39.488000,buy,0.01,0.01,EURJPYm,164.695,164.45,164.45,,0,0,-1.61,,,sl
884856261,2024-05-03T02:19:43.450000,2024-05-03T12:30:39.487000,buy,0.01,0.01,EURJPYm,164.117,164.45,164.45,,0,0,2.19,,,sl
885280301,2024-05-03T08:30:27.778000,2024-05-03T09:43:44.798000,buy,0.01,0.01,USOILm,78.87,78.6,78.6,,0,0,-2.7,,,sl
882449400,2024-05-02T13:05:39.062000,2024-05-02T13:08:00.402000,buy,0.01,0.01,XAUUSDm,2293.227,2290.227,2290.227,,0,0,-3,,,sl
881966285,2024-05-02T10:13:28.504000,2024-05-02T12:59:29.528000,buy,0.01,0.01,XAUUSDm,2296.493,2293.493,2293.493,,0,0,-3,,,sl
881812603,2024-05-02T09:03:58.147000,2024-05-02T09:33:22.435000,buy,0.01,0.01,XAUUSDm,2304.344,2300.344,2300.344,,0,0,-4,,,sl
881768088,2024-05-02T08:43:59.282000,2024-05-02T09:02:57.229000,buy,0.01,0.01,USDJPYm,155.297,155.017,155.017,,0,0,-1.81,,,sl
881677855,2024-05-02T08:06:28.526000,2024-05-02T08:23:07.700000,buy,0.01,0.01,USDJPYm,155.562,155.35,155.35,,0,0,-1.36,,,sl
881632488,2024-05-02T07:45:10.825000,2024-05-02T08:23:07.691000,buy,0.01,0.01,USDJPYm,155.317,155.35,155.35,,0,0,0.21,,,sl
876906478,2024-05-01T04:02:03.620000,2024-05-02T07:14:34.359000,buy,0.01,0.01,XAUUSDm,2283.953,2310,2310,,0,0,26.05,,,sl
878043237,2024-05-01T13:50:20.437000,2024-05-01T14:34:02.214000,buy,0.01,0.01,USOILm,80.732,80.3,80.3,,0,0,-4.32,,,sl
877634678,2024-05-01T12:04:03.762000,2024-05-01T14:34:02.213000,buy,0.01,0.01,USOILm,80.132,80.3,80.3,,0,0,1.68,,,sl
876856350,2024-05-01T03:22:07.284000,2024-05-01T03:56:57.242000,buy,0.01,0.01,XAUUSDm,2286.1,2283.1,2283.1,,0,0,-3,,,sl
872291784,2024-04-30T01:12:30.424000,2024-04-30T13:12:34.183000,buy,0.01,0.01,USOILm,82.225,82.215,82.215,,0,0,-0.1,,,sl
842975570,2024-04-18T09:30:26.538000,2024-04-18T09:50:46.136000,buy,0.01,0.01,USOILm,81.591,81.3,81.3,,0,0,-2.91,,,sl
842623690,2024-04-18T07:15:31.416000,2024-04-18T07:29:27.003000,buy,0.01,0.01,USOILm,82.082,81.82,81.82,,0,0,-2.62,,,sl
842614948,2024-04-18T07:12:04.178000,2024-04-18T07:29:27.003000,buy,0.01,0.01,USOILm,82.139,81.82,81.82,,0,0,-3.19,,,sl
841923261,2024-04-18T01:51:04.294000,2024-04-18T07:29:27.001000,buy,0.01,0.01,USOILm,82.223,81.82,81.82,,0,0,-4.03,,,sl
839756024,2024-04-17T16:26:43.573000,2024-04-17T16:29:26.996000,buy,0.01,0.01,USOILm,82.39,82.09,82.09,,0,0,-3,,,sl
838669250,2024-04-17T13:12:11.031000,2024-04-17T15:55:22.760000,buy,0.02,0.02,USOILm,83.658,83.2,83.2,,0,0,-9.16,,,sl
839521841,2024-04-17T15:46:11.236000,2024-04-17T15:55:22.759000,buy,0.02,0.02,USOILm,83.532,83.2,83.2,,0,0,-6.64,,,sl
838481542,2024-04-17T12:23:21.614000,2024-04-17T14:20:38.210000,buy,0.01,0.01,EURUSDm,1.06356,1.0638,1.0638,,0,0,0.24,,,sl
838074215,2024-04-17T09:18:55.075000,2024-04-17T14:20:38.208000,buy,0.01,0.01,EURUSDm,1.06411,1.0638,1.0638,,0,0,-0.31,,,sl
837902534,2024-04-17T08:19:32.335000,2024-04-17T14:20:38.208000,buy,0.02,0.02,EURUSDm,1.06367,1.0638,1.0638,,0,0,0.26,,,sl
838115937,2024-04-17T09:38:49.180000,2024-04-17T09:51:54.391000,buy,0.02,0.02,USOILm,84.3,84,84,,0,0,-6,,,sl
837983165,2024-04-17T08:48:06.695000,2024-04-17T09:30:12.459000,buy,0.02,0.02,USOILm,84.398,84.357,84.35,,0,0,-0.82,,,user
837241109,2024-04-17T02:59:41.686000,2024-04-17T07:36:39.698000,buy,0.01,0.01,USOILm,84.31,84.31,84.31,,0,0,0,,,sl
837179433,2024-04-17T02:20:16.641000,2024-04-17T07:36:39.697000,buy,0.02,0.02,USOILm,84.457,84.31,84.31,,0,0,-2.94,,,sl
833534603,2024-04-16T12:20:04.757000,2024-04-17T01:34:01.757000,buy,0.01,0.01,USOILm,84.453,84.35,84.35,,0,0,-1.03,,,sl
833453830,2024-04-16T11:52:09.122000,2024-04-17T01:34:01.755000,buy,0.01,0.01,USOILm,84.637,84.35,84.35,,0,0,-2.87,,,sl
809278898,2024-04-10T14:02:09.830000,2024-04-10T14:30:00.773000,buy,0.01,0.01,USOILm,84.629,84.4,84.4,,0,0,-2.29,,,sl
807466013,2024-04-10T10:57:25.096000,2024-04-10T12:34:58.269000,buy,0.01,0.01,USOILm,85.139,84.9,84.9,,0,0,-2.39,,,sl
807001543,2024-04-10T08:19:36.393000,2024-04-10T12:34:58.267000,buy,0.01,0.01,USOILm,84.669,84.9,84.9,,0,0,2.31,,,sl
806450965,2024-04-10T04:35:38.322000,2024-04-10T08:12:00.792000,buy,0.01,0.01,USOILm,84.751,84.741,84.741,,0,0,-0.1,,,sl
792171885,2024-04-05T13:06:17.024000,2024-04-08T08:23:57.279000,buy,0.05,0.05,EURJPYm,163.87,164.43,164.43,,0,0,18.44,,,sl
793346996,2024-04-05T15:42:50.594000,2024-04-08T08:23:57.277000,buy,0.02,0.02,EURJPYm,164.275,164.43,164.43,,0,0,2.04,,,sl
790563696,2024-04-05T08:14:16.606000,2024-04-05T12:30:10.038000,buy,0.01,0.01,EURJPYm,164.039,163.87,163.87,,0,0,-1.11,,,sl
789369999,2024-04-05T01:53:31.785000,2024-04-05T12:30:10.037000,buy,0.02,0.02,EURJPYm,163.538,163.87,163.87,,0,0,4.38,,,sl
791117639,2024-04-05T10:51:55.343000,2024-04-05T12:30:10.034000,buy,0.01,0.01,EURJPYm,163.989,163.87,163.87,,0,0,-0.78,,,sl
789921592,2024-04-05T05:18:34.085000,2024-04-05T12:30:10.032000,buy,0.01,0.01,EURJPYm,163.714,163.87,163.87,,0,0,1.03,,,sl
789638701,2024-04-05T06:49:57.333000,2024-04-05T12:30:10.031000,buy,0.02,0.02,EURJPYm,163.85,163.87,163.87,,0,0,0.26,,,sl
785431703,2024-04-04T04:10:57.735000,2024-04-04T09:46:57.656000,buy,0.01,0.01,USDCADm,1.35155,1.35,1.35,,0,0,-1.15,,,sl
785825507,2024-04-04T08:39:20.695000,2024-04-04T09:46:57.656000,buy,0.01,0.01,USDCADm,1.35069,1.35,1.35,,0,0,-0.51,,,sl
785330051,2024-04-04T02:22:50.228000,2024-04-04T09:46:57.655000,buy,0.01,0.01,USDCADm,1.35223,1.35,1.35,,0,0,-1.65,,,sl
785287550,2024-04-04T01:34:29.426000,2024-04-04T05:56:16.650000,buy,0.01,0.01,EURJPYm,164.415,164.42,164.42,,0,0,0.03,,,sl
782368513,2024-04-03T07:43:51.874000,2024-04-04T05:56:16.650000,buy,0.01,0.01,EURJPYm,163.45,164.42,164.42,,0,0,6.4,,,sl
778567896,2024-04-02T07:27:58.940000,2024-04-04T05:56:16.649000,buy,0.02,0.02,EURJPYm,162.795,164.42,164.42,,0,0,21.43,,,sl
782703854,2024-04-03T10:39:04.108000,2024-04-03T10:58:07.358000,sell,0.01,0.01,USOILm,84.993,85.293,85.293,,0,0,-3,,,sl
776647861,2024-04-01T16:24:07.093000,2024-04-02T06:10:26.279000,sell,0.01,0.01,USOILm,83.808,83.818,83.818,,0,-0.33,-0.1,,,sl
776263715,2024-04-01T14:29:44.594000,2024-04-01T14:52:47.568000,sell,0.01,0.01,USOILm,83.056,83.5,83.5,,0,0,-4.44,,,sl
775949917,2024-04-01T13:32:51.514000,2024-04-01T14:52:47.565000,sell,0.01,0.01,USOILm,82.825,83.5,83.5,,0,0,-6.75,,,sl
775075424,2024-04-01T06:47:24.899000,2024-04-01T13:04:54.733000,sell,0.01,0.01,XAUUSDm,2260.407,2255,2255,,0,0,5.41,,,sl
761015913,2024-03-28T10:13:00.786000,2024-03-29T10:31:34.508000,sell,0.01,0.01,EURJPYm,163.206,163.3,163.3,,0,0,-0.62,,,sl
761442780,2024-03-28T11:10:23.839000,2024-03-29T10:31:34.507000,sell,0.01,0.01,EURJPYm,163.286,163.3,163.3,,0,0,-0.09,,,sl
762565570,2024-03-28T13:38:20.349000,2024-03-28T13:55:22.224000,buy,0.02,0.02,USDCADm,1.35681,1.3555,1.3555,,0,0,-1.93,,,sl
762144415,2024-03-28T12:49:04.660000,2024-03-28T13:55:22.222000,buy,0.02,0.02,USDCADm,1.35785,1.3555,1.3555,,0,0,-3.47,,,sl
761256524,2024-03-28T10:38:41.546000,2024-03-28T12:33:53.748000,buy,0.02,0.02,USDCADm,1.35977,1.35777,1.35777,,0,0,-2.95,,,sl
756701068,2024-03-27T07:03:56.610000,2024-03-28T09:10:13.112000,buy,0.01,0.01,USOILm,80.648,81.3,81.3,,0,0,6.52,,,sl
758696568,2024-03-27T18:58:11.278000,2024-03-28T09:10:13.112000,buy,0.01,0.01,USOILm,81.415,81.3,81.3,,0,0,-1.15,,,sl
756914889,2024-03-27T09:02:19.353000,2024-03-28T09:10:13.111000,buy,0.01,0.01,USOILm,80.412,81.3,81.3,,0,0,8.88,,,sl
757244459,2024-03-27T10:22:55.324000,2024-03-28T09:10:13.109000,buy,0.01,0.01,USOILm,80.897,81.3,81.3,,0,0,4.03,,,sl
746220311,2024-03-21T11:45:26.580000,2024-03-21T14:35:33.966000,buy,0.01,0.01,USOILm,80.788,80.538,80.538,,0,0,-2.5,,,sl
730187673,2024-03-15T04:04:27.427000,2024-03-15T06:51:45.532000,buy,0.01,0.01,EURJPYm,161.4,161.15,161.15,,0,0,-1.69,,,sl
728912152,2024-03-14T16:23:40.012000,2024-03-15T06:51:45.531000,buy,0.01,0.01,EURJPYm,161.329,161.15,161.15,,0,0,-1.21,,,sl
727863982,2024-03-14T12:04:00.469000,2024-03-14T13:20:34.579000,buy,0.01,0.01,EURJPYm,161.578,161.4,161.4,,0,0,-1.2,,,sl
727698279,2024-03-14T09:57:23.476000,2024-03-14T13:20:34.578000,buy,0.01,0.01,EURJPYm,161.69,161.4,161.4,,0,0,-1.96,,,sl
727722886,2024-03-14T10:12:53.622000,2024-03-14T11:16:58.833000,buy,0.01,0.01,USDJPYm,147.807,147.7,147.7,,0,0,-0.72,,,sl
727384540,2024-03-14T06:05:14.450000,2024-03-14T09:51:44.668000,buy,0.01,0.01,USOILm,79.313,79.91,79.7,,0,0,5.97,,,user
726144602,2024-03-13T17:41:51.587000,2024-03-13T20:34:34.241000,buy,0.01,0.01,USOILm,79.17,79.2,79.2,,0,0,0.3,,,sl
725853055,2024-03-13T15:52:38.226000,2024-03-13T20:34:34.240000,buy,0.01,0.01,USOILm,78.7,79.2,79.2,,0,0,5,,,sl
724814682,2024-03-13T10:35:16.272000,2024-03-13T13:56:03.345000,buy,0.01,0.01,USOILm,78.424,79.12,78.5,,0,0,6.96,,,user
724673230,2024-03-13T09:17:39.705000,2024-03-13T13:56:03.344000,buy,0.01,0.01,USOILm,77.955,79.12,78.5,,0,0,11.65,,,user
724474600,2024-03-13T07:39:35.067000,2024-03-13T08:27:49.052000,buy,0.01,0.01,USOILm,77.572,77.372,77.372,,0,0,-2,,,sl
724440928,2024-03-13T07:22:10.467000,2024-03-13T07:24:03.881000,buy,0.01,0.01,USOILm,77.664,77.55,77.55,,0,0,-1.14,,,sl
724063662,2024-03-13T02:50:11.867000,2024-03-13T07:17:20.525000,buy,0.01,0.01,USOILm,77.686,77.676,77.676,,0,0,-0.1,,,sl
718974497,2024-03-12T05:57:53.908000,2024-03-12T09:06:02.555000,buy,0.01,0.01,USOILm,77.816,77.806,77.806,,0,0,-0.1,,,sl
716484569,2024-03-11T12:07:59.854000,2024-03-12T00:14:27.552000,buy,0.01,0.01,USDJPYm,146.636,146.621,146.621,,0,0,-0.1,,,sl
716674286,2024-03-11T13:24:45.078000,2024-03-11T13:39:59.118000,buy,0.01,0.01,USOILm,76.911,76.711,76.711,,0,0,-2,,,sl
708076203,2024-03-07T14:19:26.887000,2024-03-07T14:22:30.445000,buy,0.01,0.01,USOILm,77.911,77.711,77.711,,0,0,-2,,,sl
707350583,2024-03-07T10:34:38.236000,2024-03-07T13:34:44.588000,buy,0.01,0.01,USOILm,78.036,78.1,78.1,,0,0,0.64,,,sl
707167855,2024-03-07T09:11:30.887000,2024-03-07T13:34:44.584000,buy,0.01,0.01,USOILm,78.113,78.1,78.1,,0,0,-0.13,,,sl
707097222,2024-03-07T08:42:26.906000,2024-03-07T08:53:34.781000,buy,0.01,0.01,USOILm,78.221,78.041,78.041,,0,0,-1.8,,,sl
706014222,2024-03-07T03:08:30.731000,2024-03-07T08:02:51.075000,buy,0.01,0.01,USOILm,78.613,78.363,78.363,,0,0,-2.5,,,sl
700569852,2024-03-06T04:15:06.839000,2024-03-06T16:09:40.997000,buy,0.01,0.01,USOILm,77.794,79.865,79.4,,0,0,20.71,,,user
701946720,2024-03-06T13:01:31.639000,2024-03-06T16:09:40.996000,buy,0.01,0.01,USOILm,78.503,79.865,79.4,,0,0,13.62,,,user
680810791,2024-03-05T13:00:36.269000,2024-03-05T13:19:06.148000,buy,0.01,0.01,USOILm,77.6,77.4,77.4,,0,0,-2,,,sl
680688078,2024-02-28T08:51:12.743000,2024-02-28T09:13:06.322000,buy,0.01,0.01,USOILm,77.73,77.55,77.55,,0,0,-1.8,,,sl
680668924,2024-02-28T08:45:14.928000,2024-02-28T08:48:44.349000,buy,0.01,0.01,USOILm,77.858,77.7,77.7,,0,0,-1.58,,,sl
680332144,2024-02-28T05:09:48.979000,2024-02-28T08:42:45.460000,buy,0.01,0.01,USOILm,78.298,77.85,77.85,,0,0,-4.48,,,sl
680446213,2024-02-28T06:54:48.418000,2024-02-28T08:42:45.459000,buy,0.01,0.01,USOILm,78.152,77.85,77.85,,0,0,-3.02,,,sl
674314476,2024-02-26T09:21:09.589000,2024-02-26T14:31:09.734000,buy,0.01,0.01,USOILm,75.864,76,76,,0,0,1.36,,,sl
674108570,2024-02-26T13:33:09.273000,2024-02-26T14:31:09.732000,buy,0.01,0.01,USOILm,76.3,76,76,,0,0,-3,,,sl
673924896,2024-02-26T03:51:01.580000,2024-02-26T08:07:39.324000,buy,0.01,0.01,USOILm,75.946,75.796,75.796,,0,0,-1.5,,,sl
672555465,2024-02-23T17:59:14.381000,2024-02-26T00:43:34.096000,buy,0.01,0.01,USOILm,76.333,76.1,76.1,,0,0,-2.33,,,sl
671061411,2024-02-23T08:34:06.906000,2024-02-23T19:17:01.748000,buy,0.01,0.01,XAUUSDm,2020.851,2039.681,2038,,0,0,18.83,,,user
670759155,2024-02-23T05:48:24.887000,2024-02-23T08:32:24.798000,buy,0.01,0.01,USOILm,77.994,77.75,77.75,,0,0,-2.44,,,sl
670709037,2024-02-23T05:11:42.095000,2024-02-23T08:32:24.798000,buy,0.01,0.01,USOILm,78.049,77.75,77.75,,0,0,-2.99,,,sl
670592690,2024-02-23T03:22:46.686000,2024-02-23T08:32:24.796000,buy,0.01,0.01,USOILm,78.076,77.75,77.75,,0,0,-3.26,,,sl
666056922,2024-02-21T16:12:37.392000,2024-02-21T19:00:05.796000,buy,0.01,0.01,XAUUSDm,2023.936,2021,2021,,0,0,-2.94,,,sl
666053021,2024-02-21T16:11:04.421000,2024-02-21T19:00:05.792000,buy,0.02,0.02,XAUUSDm,2024.698,2021,2021,,0,0,-7.4,,,sl
665390806,2024-02-21T12:00:52.940000,2024-02-21T15:57:40.990000,buy,0.01,0.01,XAUUSDm,2028.656,2025,2025,,0,0,-3.66,,,sl
665989695,2024-02-21T15:51:00.163000,2024-02-21T15:57:40.966000,buy,0.01,0.01,XAUUSDm,2027.578,2025,2025,,0,0,-2.58,,,sl
664969715,2024-02-21T08:03:21.135000,2024-02-21T10:32:03.229000,buy,0.02,0.02,USOILm,76.865,76.467,76.1,,0,0,-7.96,,,user
664841453,2024-02-21T06:30:59.009000,2024-02-21T08:00:10.394000,buy,0.01,0.01,USOILm,77.081,76.9,76.9,,0,0,-1.81,,,sl
664573169,2024-02-21T03:13:25.488000,2024-02-21T08:00:10.393000,buy,0.01,0.01,USOILm,77.277,76.9,76.9,,0,0,-3.77,,,sl
661691444,2024-02-20T08:47:49.477000,2024-02-20T14:35:40.201000,buy,0.01,0.01,XAUUSDm,2022.194,2027,2027,,0,0,4.81,,,sl
661826170,2024-02-20T09:45:31.266000,2024-02-20T12:33:31.630000,buy,0.01,0.01,USOILm,77.685,77.3,77.3,,0,0,-3.85,,,sl
661406333,2024-02-20T05:56:43.162000,2024-02-20T08:32:01.045000,buy,0.01,0.01,USOILm,78.377,78.1,78.1,,0,0,-2.77,,,sl
648035699,2024-02-14T14:58:36.461000,2024-02-15T14:45:54.663000,buy,0.02,0.02,XAUUSDm,1986.5,2004.1860000000001,2001,,0,0,35.37,,,user
647971893,2024-02-14T08:15:16.273000,2024-02-14T08:31:13.868000,buy,0.01,0.01,XAUUSDm,1988.182,1986,1986,,0,0,-2.18,,,sl
647929622,2024-02-14T07:55:07.614000,2024-02-14T08:31:13.864000,buy,0.01,0.01,XAUUSDm,1990.157,1986,1986,,0,0,-4.16,,,sl
645659488,2024-02-13T14:46:59.990000,2024-02-13T14:55:15.473000,buy,0.01,0.01,XAUUSDm,1996.43,1993.43,1993.43,,0,0,-3,,,sl
645655622,2024-02-13T14:46:24.341000,2024-02-13T14:46:46.505000,buy,0.01,0.01,XAUUSDm,1996.64,1996.415,,,0,0,-0.22,,,user
645372640,2024-02-13T14:03:56.013000,2024-02-13T14:31:14.763000,buy,0.01,0.01,XAUUSDm,2002.673,1999,1999,,0,0,-3.67,,,sl
642470842,2024-02-12T15:36:59.750000,2024-02-13T10:32:43.304000,buy,0.01,0.01,XAUUSDm,2014.287,2026.5040000000001,2023,,0,0,12.21,,,user
642129772,2024-02-12T14:05:28.852000,2024-02-12T14:16:11.883000,buy,0.01,0.01,XAUUSDm,2019.618,2017.118,2017.118,,0,0,-2.5,,,sl
641709862,2024-02-12T09:59:28.490000,2024-02-12T13:46:09.496000,buy,0.01,0.01,XAUUSDm,2020.664,2021.2,2021.2,,0,0,0.54,,,sl
641493880,2024-02-12T07:55:21.203000,2024-02-12T09:01:01.448000,buy,0.01,0.01,GBPUSDm,1.265,1.262,1.262,,0,0,-3,,,sl
639995175,2024-02-09T16:13:00.219000,2024-02-12T09:00:11.446000,buy,0.01,0.01,XAUUSDm,2021.102,2023.5,2023.5,,0,0,2.4,,,sl
639952592,2024-02-09T15:56:34.315000,2024-02-09T16:01:29.609000,buy,0.01,0.01,XAUUSDm,2022.803,2021.004,,,0,0,-1.8,-0.7,-69.31,so
639751515,2024-02-09T14:48:44.452000,2024-02-09T16:01:29.607000,buy,0.01,0.01,XAUUSDm,2023.796,2021.004,,,0,0,-2.8,-0.7,-34.65,so
639653086,2024-02-09T14:26:15.862000,2024-02-09T16:01:29.583000,buy,0.02,0.02,XAUUSDm,2025.28,2021.004,,,0,0,-8.55,-0.7,-17.28,so
639567414,2024-02-09T14:03:58.134000,2024-02-09T14:22:51.922000,buy,0.02,0.02,XAUUSDm,2025.753,2025.703,2025.703,,0,0,-0.1,,,sl
639002512,2024-02-09T09:19:11.517000,2024-02-09T12:36:40.413000,buy,0.02,0.02,XAUUSDm,2031.803,2029.803,2029.803,,0,0,-4,,,sl
638690074,2024-02-09T04:54:21.600000,2024-02-09T08:15:45.453000,buy,0.01,0.01,XAUUSDm,2033.326,2030.6,2030.6,,0,0,-2.73,,,sl
637103477,2024-02-08T13:56:10.785000,2024-02-09T08:15:45.443000,buy,0.01,0.01,XAUUSDm,2022.03,2030.6,2030.6,,0,0,8.57,,,sl
636887009,2024-02-08T12:22:29.395000,2024-02-08T12:36:02.774000,buy,0.01,0.01,XAUUSDm,2027.099,2025.1,2025.1,,0,0,-2,,,sl
636881050,2024-02-08T12:18:06.380000,2024-02-08T12:36:02.758000,buy,0.01,0.01,XAUUSDm,2027.579,2025.1,2025.1,,0,0,-2.48,,,sl
636836543,2024-02-08T11:52:34.975000,2024-02-08T12:05:47.710000,buy,0.01,0.01,XAUUSDm,2028.759,2026.94,2026.94,,0,0,-1.82,,,sl
636824476,2024-02-08T11:44:14.196000,2024-02-08T12:05:47.706000,buy,0.01,0.01,XAUUSDm,2029.942,2026.942,2026.942,,0,0,-3,,,sl
636142384,2024-02-08T02:16:31.668000,2024-02-08T10:16:35.296000,sell,0.01,0.01,USOILm,74.171,74.181,74.181,,0,0,-0.1,,,sl
634135096,2024-02-07T08:32:17.448000,2024-02-07T14:31:37.304000,buy,0.01,0.01,XAUUSDm,2032.783,2033,2033,,0,0,0.22,,,sl
633928905,2024-02-07T05:20:36.195000,2024-02-07T14:31:37.302000,buy,0.01,0.01,XAUUSDm,2035.36,2033,2033,,0,0,-2.36,,,sl
632521940,2024-02-06T14:55:53.300000,2024-02-07T14:31:37.297000,buy,0.01,0.01,XAUUSDm,2031.833,2033,2033,,0,0,1.17,,,sl
629376884,2024-02-05T09:31:50.585000,2024-02-06T09:29:25.882000,buy,0.01,0.01,USOILm,71.802,72.6,72.6,,0,-0.07,7.98,,,sl
626877189,2024-02-02T14:53:50.822000,2024-02-02T15:01:33.137000,buy,0.01,0.01,USOILm,72.255,71.855,71.855,,0,0,-4,,,sl
626763066,2024-02-02T14:34:13.517000,2024-02-02T14:43:11.941000,buy,0.02,0.02,USOILm,72.66,72.2,72.2,,0,0,-9.2,,,sl
625701975,2024-02-02T08:47:07.849000,2024-02-02T13:01:13.659000,buy,0.01,0.01,USOILm,73.833,73.46,73.46,,0,0,-3.73,,,sl
625525956,2024-02-02T06:28:40.895000,2024-02-02T13:01:13.657000,buy,0.01,0.01,USOILm,73.998,73.46,73.46,,0,0,-5.38,,,sl
625428705,2024-02-02T04:57:51.537000,2024-02-02T06:17:56.471000,buy,0.01,0.01,USOILm,74.157,73.9,73.9,,0,0,-2.57,,,sl
624840207,2024-02-01T23:10:35.363000,2024-02-02T06:17:56.470000,buy,0.01,0.01,USOILm,74.054,73.9,73.9,,0,0,-1.54,,,sl
622705201,2024-02-01T08:32:18.199000,2024-02-01T17:39:42.137000,buy,0.01,0.01,USOILm,75.627,75.8,75.8,,0,0,1.73,,,sl
599330135,2024-01-23T14:15:12.189000,2024-01-24T02:59:23.598000,buy,0.01,0.01,XAUUSDm,2024.157,2024.057,2024.057,,0,0,-0.1,,,sl
595285070,2024-01-22T08:19:23.717000,2024-01-22T09:01:09.738000,buy,0.02,0.02,USOILm,72.785,72.6,72.6,,0,0,-3.7,,,sl
594869776,2024-01-22T04:49:51.641000,2024-01-22T08:09:01.075000,buy,0.02,0.02,USOILm,72.979,72.8,72.8,,0,0,-3.58,,,sl
594716541,2024-01-22T02:49:15.837000,2024-01-22T08:09:01.071000,buy,0.01,0.01,USOILm,73.059,72.8,72.8,,0,0,-2.59,,,sl
589980050,2024-01-18T13:17:40.075000,2024-01-18T13:36:43.169000,buy,0.02,0.02,USOILm,72.389,72.15,72.15,,0,0,-4.78,,,sl
589857613,2024-01-18T12:10:19.141000,2024-01-18T12:15:12.681000,buy,0.01,0.01,USOILm,72.659,72.4,72.4,,0,0,-2.59,,,sl
589160237,2024-01-18T03:15:38.793000,2024-01-18T08:10:38.997000,buy,0.02,0.02,XAUUSDm,2006.807,2010,2010,,0,0,6.39,,,sl
588185964,2024-01-17T18:39:22.046000,2024-01-18T02:40:26.725000,buy,0.02,0.02,XAUUSDm,2002.681,2008.5,2008.5,,0,0,11.64,,,sl
587384179,2024-01-17T13:39:34.956000,2024-01-18T01:37:57.132000,buy,0.01,0.01,USOILm,70.969,72.825,72.6,,0,-0.07,18.56,,,user
588130534,2024-01-17T18:11:11.593000,2024-01-17T18:24:06.872000,buy,0.01,0.01,XAUUSDm,2004.569,2002.2,2002.2,,0,0,-2.37,,,sl
588051007,2024-01-17T17:18:56.522000,2024-01-17T18:24:06.867000,buy,0.01,0.01,XAUUSDm,2005.2,2002.2,2002.2,,0,0,-3,,,sl
586835859,2024-01-17T08:33:32.199000,2024-01-17T08:42:51.453000,buy,0.01,0.01,USOILm,71.431,71.231,71.231,,0,0,-2,,,sl
586537341,2024-01-17T05:40:25.851000,2024-01-17T08:12:04.600000,buy,0.01,0.01,USOILm,71.828,71.528,71.528,,0,0,-3,,,sl
586681560,2024-01-17T07:15:13.594000,2024-01-17T08:12:04.581000,buy,0.01,0.01,USOILm,71.837,71.537,71.537,,0,0,-3,,,sl
586534898,2024-01-17T05:38:55.019000,2024-01-17T05:39:53.481000,buy,0.01,0.01,XAUUSDm,2021.335,2021.116,2018.335,,0,0,-0.22,,,user
586368489,2024-01-17T03:45:29.743000,2024-01-17T05:08:57.774000,buy,0.02,0.02,XAUUSDm,2024.51,2023.01,2023.01,,0,0,-3,,,sl
585123593,2024-01-16T17:33:56.760000,2024-01-17T03:41:00.347000,buy,0.02,0.02,XAUUSDm,2026.079,2025.079,2025.079,,0,0,-2,,,sl
585028720,2024-01-16T17:03:39.864000,2024-01-16T17:06:45.250000,buy,0.01,0.01,XAUUSDm,2032.771,2030.271,2030.271,,0,0,-2.5,,,sl
568350776,2024-01-09T18:11:41.291000,2024-01-10T05:43:07.568000,buy,0.01,0.01,XAUUSDm,2027.846,2027.746,2027.746,,0,0,-0.1,,,sl
566977997,2024-01-09T06:55:04.877000,2024-01-09T13:01:24.050000,buy,0.02,0.02,USOILm,70.676,72.539,72.3,,0,0,37.26,,,user
560373345,2024-01-05T04:10:42.813000,2024-01-05T06:24:18.338000,buy,0.01,0.01,XAUUSDm,2045.26,2043,2043,,0,0,-2.26,,,sl
560312061,2024-01-05T03:04:01.407000,2024-01-05T06:24:18.333000,buy,0.01,0.01,XAUUSDm,2046.294,2043,2043,,0,0,-3.29,,,sl
559338785,2024-01-04T18:26:11.468000,2024-01-05T06:24:18.327000,buy,0.01,0.01,XAUUSDm,2042.544,2043,2043,,0,0,0.46,,,sl
557852749,2024-01-04T04:55:58.582000,2024-01-04T12:04:20.864000,buy,0.01,0.01,XAUUSDm,2043.289,2044.5,2044.5,,0,0,1.21,,,sl
555955131,2024-01-03T15:55:55.834000,2024-01-04T12:04:20.861000,buy,0.01,0.01,XAUUSDm,2033.014,2044.5,2044.5,,0,0,11.49,,,sl
554495378,2024-01-03T08:15:21.240000,2024-01-03T09:15:58.716000,buy,0.02,0.02,USOILm,70.083,69.712,,,0,0,-7.42,-0.29,-4.14,so
554469207,2024-01-03T07:56:28.597000,2024-01-03T08:10:32.372000,buy,0.02,0.02,USOILm,70.243,70.043,70.043,,0,0,-4,,,sl
554276798,2024-01-03T05:31:25.715000,2024-01-03T07:54:39.315000,buy,0.02,0.02,USOILm,70.26,70.255,70.255,,0,0,-0.1,,,sl
554023782,2024-01-03T01:01:46.179000,2024-01-03T07:05:02.246000,buy,0.02,0.02,XAUUSDm,2061.329,2062.3,2062.3,,0,0,1.94,,,sl
554244281,2024-01-03T04:58:13.389000,2024-01-03T05:29:57.506000,buy,0.01,0.01,USOILm,70.49,70.29,70.29,,0,0,-2,,,sl
553121528,2024-01-02T16:26:35.969000,2024-01-02T19:01:36.772000,buy,0.02,0.02,USOILm,70.784,70.3,70.3,,0,0,-9.68,,,sl
553098411,2024-01-02T16:15:30.816000,2024-01-02T16:19:41.540000,buy,0.02,0.02,USOILm,71.218,70.9,70.9,,0,0,-6.36,,,sl
552511381,2024-01-02T13:14:41.895000,2024-01-02T14:41:47.898000,buy,0.02,0.02,XAUUSDm,2065.415,2065.365,2065.365,,0,0,-0.1,,,sl
544055713,2023-12-29T10:34:14.883000,2023-12-29T15:15:14.929000,buy,0.02,0.02,USOILm,71.884,72,72,,0,0,2.32,,,sl
544002759,2023-12-29T10:02:02.012000,2023-12-29T10:19:49.514000,buy,0.02,0.02,XAUUSDm,2064.867,2063.5,2063.5,,0,0,-2.73,,,sl
543976622,2023-12-29T09:46:55.236000,2023-12-29T09:50:02.758000,buy,0.01,0.01,XAUUSDm,2067.878,2067,2067,,0,0,-0.88,,,sl
543957600,2023-12-29T09:30:40.861000,2023-12-29T09:50:02.594000,buy,0.02,0.02,XAUUSDm,2068.313,2067,2067,,0,0,-2.63,,,sl
543935970,2023-12-29T09:12:23.452000,2023-12-29T09:25:03.341000,buy,0.01,0.01,EURUSDm,1.10578,1.1052,1.1052,,0,0,-0.58,,,sl
543933051,2023-12-29T09:09:54.859000,2023-12-29T09:25:03.340000,buy,0.01,0.01,EURUSDm,1.10593,1.1052,1.1052,,0,0,-0.73,,,sl
543528362,2023-12-29T02:48:36.840000,2023-12-29T08:56:53.907000,buy,0.01,0.01,XAUUSDm,2069.502,2069.5,2069.5,,0,0,0,,,sl
543555526,2023-12-29T03:18:12.211000,2023-12-29T08:56:53.807000,buy,0.01,0.01,XAUUSDm,2068.732,2069.5,2069.5,,0,0,0.77,,,sl
542424778,2023-12-28T16:18:30.168000,2023-12-28T16:42:33.658000,buy,0.01,0.01,XAUUSDm,2074.574,2074.474,2074.474,,0,0,-0.1,,,sl
541992266,2023-12-28T13:17:55.136000,2023-12-28T15:27:47.128000,buy,0.02,0.02,USOILm,72.991,73.45,73.45,,0,0,9.18,,,sl
541691679,2023-12-28T10:16:22.567000,2023-12-28T13:13:58.701000,buy,0.02,0.02,USOILm,73.23,72.9,72.9,,0,0,-6.6,,,sl
541598912,2023-12-28T09:06:18.790000,2023-12-28T09:09:47.291000,buy,0.01,0.01,XAUUSDm,2076.898,2074.4,2074.4,,0,0,-2.5,,,sl
541542889,2023-12-28T08:32:07.082000,2023-12-28T09:09:47.091000,buy,0.01,0.01,XAUUSDm,2077.42,2074.4,2074.4,,0,0,-3.02,,,sl
541526500,2023-12-28T08:27:51.290000,2023-12-28T08:28:01.692000,buy,0.02,0.02,USOILm,74.065,73.974,,,0,0,-1.82,,,user
541428730,2023-12-28T07:32:18.741000,2023-12-28T08:26:19.671000,buy,0.03,0.03,USOILm,74.084,74.182,74.1,,0,0,2.94,,,user
541196923,2023-12-28T04:37:36.850000,2023-12-28T07:23:37.752000,buy,0.01,0.01,USOILm,74.13,74.1,74.1,,0,0,-0.3,,,sl
541163814,2023-12-28T04:04:45.206000,2023-12-28T07:23:37.751000,buy,0.02,0.02,USOILm,74.158,74.1,74.1,,0,0,-1.16,,,sl
540047665,2023-12-27T17:30:15.001000,2023-12-27T19:05:48.086000,buy,0.01,0.01,USOILm,74.4,74.05,74.05,,0,0,-3.5,,,sl
540014976,2023-12-27T17:03:59.575000,2023-12-27T19:05:48.082000,buy,0.01,0.01,USOILm,74.378,74.05,74.05,,0,0,-3.28,,,sl
539493705,2023-12-27T13:14:06.461000,2023-12-27T17:03:46.110000,buy,0.01,0.01,XAUUSDm,2067.805,2079.939,2074,,0,0,12.13,,,user
539338476,2023-12-27T11:32:08.472000,2023-12-27T13:01:02.710000,buy,0.02,0.02,USOILm,75.019,75.014,75.014,,0,0,-0.1,,,sl
539268480,2023-12-27T10:37:08.877000,2023-12-27T11:30:24.866000,buy,0.01,0.01,USOILm,75.195,74.95,74.95,,0,0,-2.45,,,sl
539235619,2023-12-27T10:26:45.665000,2023-12-27T11:30:24.864000,buy,0.01,0.01,USOILm,75.207,74.95,74.95,,0,0,-2.57,,,sl
539217276,2023-12-27T10:17:46.658000,2023-12-27T11:30:24.862000,buy,0.01,0.01,USOILm,75.269,74.95,74.95,,0,0,-3.19,,,sl
539179548,2023-12-27T09:42:22.109000,2023-12-27T11:30:24.860000,buy,0.01,0.01,USOILm,75.266,74.95,74.95,,0,0,-3.16,,,sl
538912099,2023-12-27T05:39:27.732000,2023-12-27T10:25:47.929000,buy,0.03,0.03,XAUUSDm,2064.59,2065.507,2065.3,,0,0,2.75,,,user
538839106,2023-12-27T03:48:18.007000,2023-12-27T05:30:05.610000,buy,0.01,0.01,USOILm,75.566,75.3,75.3,,0,0,-2.66,,,sl
538762826,2023-12-27T02:15:31.145000,2023-12-27T05:30:05.609000,buy,0.01,0.01,USOILm,75.297,75.3,75.3,,0,0,0.03,,,sl
538824461,2023-12-27T03:29:26.416000,2023-12-27T03:31:04.753000,buy,0.01,0.01,USOILm,75.577,75.5,75.5,,0,0,-0.77,,,sl
534395732,2023-12-26T10:16:47.733000,2023-12-26T18:22:03.347000,buy,0.01,0.01,USOILm,73.4,75.7,75.7,,0,0,23,,,sl
534233784,2023-12-26T09:52:48.029000,2023-12-26T18:22:03.345000,buy,0.01,0.01,USOILm,73.58,75.7,75.7,,0,0,21.2,,,sl
531559842,2023-12-26T02:53:29.457000,2023-12-26T08:29:58.153000,buy,0.01,0.01,USOILm,73.752,73.552,73.552,,0,0,-2,,,sl
513631159,2023-12-13T02:34:17.117000,2023-12-13T06:23:38.996000,buy,0.01,0.01,XAUUSDm,1978.486,1974.486,1974.486,,0,0,-4,,,sl
510393214,2023-12-11T04:24:14.280000,2023-12-11T07:56:32.689000,buy,0.01,0.01,XAUUSDm,1996.212,1992.722,1993.372,,0,0,-3.49,,,sl
501787601,2023-12-06T11:19:34.218000,2023-12-06T13:46:06.747000,buy,0.02,0.02,USOILm,71.728,71.328,71.328,,0,0,-8,,,sl
501156037,2023-12-06T06:04:02.787000,2023-12-06T10:02:49.221000,buy,0.01,0.01,USOILm,72.445,72,72,,0,0,-4.45,,,sl
501571577,2023-12-06T09:27:13.548000,2023-12-06T10:02:49.219000,buy,0.01,0.01,USOILm,72.333,72,72,,0,0,-3.33,,,sl
500199427,2023-12-05T17:31:41.512000,2023-12-05T18:30:53.538000,buy,0.01,0.01,USOILm,73.06,72.66,72.66,,0,0,-4,,,sl
500006086,2023-12-05T16:15:55.070000,2023-12-05T17:13:00.159000,buy,0.01,0.01,USOILm,73.49,73.5,73.5,,0,0,0.1,,,sl
499969516,2023-12-05T16:03:18.851000,2023-12-05T17:13:00.157000,buy,0.01,0.01,USOILm,73.477,73.5,73.5,,0,0,0.23,,,sl
498551784,2023-12-05T04:44:26.318000,2023-12-05T10:51:26.674000,buy,0.01,0.01,USOILm,73.243,73.6,73.6,,0,0,3.57,,,sl
498436711,2023-12-05T02:54:19.591000,2023-12-05T10:51:26.671000,buy,0.01,0.01,USOILm,73.385,73.6,73.6,,0,0,2.15,,,sl
498328096,2023-12-05T01:37:51.280000,2023-12-05T10:51:26.667000,buy,0.01,0.01,USOILm,73.363,73.6,73.6,,0,0,2.37,,,sl
497604125,2023-12-04T16:56:53.073000,2023-12-04T18:28:11.765000,buy,0.01,0.01,USOILm,73.598,73.36,73.36,,0,0,-2.38,,,sl
497588069,2023-12-04T16:49:56.976000,2023-12-04T18:28:11.764000,buy,0.01,0.01,USOILm,73.663,73.36,73.36,,0,0,-3.03,,,sl
497196768,2023-12-04T15:04:41.526000,2023-12-04T16:47:17.829000,buy,0.01,0.01,USOILm,72.874,73.5,73.5,,0,0,6.26,,,sl
497191655,2023-12-04T15:03:20.530000,2023-12-04T16:47:17.825000,buy,0.01,0.01,USOILm,72.94,73.5,73.5,,0,0,5.6,,,sl
496271221,2023-12-04T08:15:50.935000,2023-12-04T15:00:52.214000,buy,0.01,0.01,USOILm,73.526,72.926,72.926,,0,0,-6,,,sl
495938225,2023-12-04T06:01:45.315000,2023-12-04T08:01:26.515000,buy,0.01,0.01,USOILm,73.602,73.402,73.402,,0,0,-2,,,sl
495651915,2023-12-04T02:38:25.361000,2023-12-04T05:57:11.423000,buy,0.01,0.01,USOILm,73.77,73.57,73.57,,0,0,-2,,,sl
495554237,2023-12-04T01:44:49.630000,2023-12-04T02:04:03.576000,buy,0.01,0.01,USOILm,74.117,73.867,73.867,,0,0,-2.5,,,sl
489491171,2023-12-01T03:49:17.464000,2023-12-01T09:41:30.795000,buy,0.01,0.01,USOILm,75.773,75.523,75.523,,0,0,-2.5,,,sl
486084159,2023-11-30T02:04:18.384000,2023-11-30T11:18:30.868000,buy,0.01,0.01,USOILm,77.661,78.4,78.4,,0,0,7.39,,,sl
485486417,2023-11-29T16:30:51.854000,2023-11-29T18:01:10.057000,buy,0.02,0.02,EURJPYm,161.595,161.588,161.588,,0,0,-0.1,,,sl
484385188,2023-11-29T06:25:02.841000,2023-11-29T14:46:04.365000,buy,0.01,0.01,USOILm,76.641,77.1,77.1,,0,0,4.59,,,sl
466743941,2023-11-17T03:38:01.651000,2023-11-17T19:08:55.226000,buy,0.01,0.01,USOILm,73.384,76.074,75.6,,0,0,26.9,,,user
466234888,2023-11-16T17:17:51.605000,2023-11-16T17:37:04.264000,buy,0.01,0.01,USOILm,73.233,73.033,73.033,,0,0,-2,,,sl
465964835,2023-11-16T15:12:25.008000,2023-11-16T16:11:14.267000,buy,0.01,0.01,USOILm,73.84,73.54,73.54,,0,0,-3,,,sl
465528621,2023-11-16T12:32:24.549000,2023-11-16T14:02:30.864000,buy,0.01,0.01,USOILm,76.253,75.953,75.953,,0,0,-3,,,sl
465052198,2023-11-16T04:40:19.969000,2023-11-16T12:21:22.147000,buy,0.01,0.01,USOILm,76.176,76.166,76.166,,0,0,-0.1,,,sl
443125299,2023-11-01T18:18:17.910000,2023-11-02T02:13:42.152000,buy,0.02,0.02,EURJPYm,159.171,159.17,159.17,,0,0,-0.01,,,sl
443052762,2023-11-01T17:48:13.802000,2023-11-01T18:11:08.909000,buy,0.01,0.01,USOILm,80.637,80.36,80.36,,0,0,-2.77,,,sl
443048505,2023-11-01T17:45:17.995000,2023-11-01T18:11:08.905000,buy,0.01,0.01,USOILm,80.867,80.36,80.36,,0,0,-5.07,,,sl
442973146,2023-11-01T16:47:17.319000,2023-11-01T17:43:29.125000,buy,0.01,0.01,USOILm,81.24,80.89,80.89,,0,0,-3.5,,,sl
441804819,2023-11-01T07:18:53.304000,2023-11-01T15:30:58.529000,buy,0.01,0.01,USOILm,81.26,81.9,81.9,,0,0,6.4,,,sl
439218762,2023-10-31T03:36:40.900000,2023-10-31T08:04:12.233000,buy,0.02,0.02,GBPUSDm,1.21416,1.21475,1.213,,0,0,1.18,,,user
439302216,2023-10-31T04:52:57.857000,2023-10-31T08:04:11.747000,buy,0.02,0.02,GBPUSDm,1.21404,1.21476,1.213,,0,0,1.44,,,user
439131418,2023-10-31T02:17:26.224000,2023-10-31T03:33:04.444000,buy,0.02,0.02,GBPUSDm,1.21485,1.21385,1.21385,,0,0,-2,,,sl
438729654,2023-10-30T17:19:14.681000,2023-10-30T17:20:30.972000,buy,0.01,0.01,USOILm,82.111,81.8,81.8,,0,0,-3.11,,,sl
421038828,2023-10-18T13:31:35.875000,2023-10-18T14:37:58.434000,buy,0.05,0.05,EURJPYm,158.081,157.774,,,0,0,-10.25,-0.43,-16.29,so
420618468,2023-10-18T10:09:03.980000,2023-10-18T10:45:15.376000,buy,0.02,0.02,EURJPYm,158.194,158,158,,0,0,-2.59,,,sl
420603451,2023-10-18T10:01:00.910000,2023-10-18T10:05:41.307000,buy,0.02,0.02,EURJPYm,158.266,158.15,158.15,,0,0,-1.55,,,sl
420446648,2023-10-18T08:23:28.343000,2023-10-18T09:51:11.241000,buy,0.02,0.02,GBPCADm,1.66201,1.661,1.661,,0,0,-1.48,,,sl
420146798,2023-10-18T04:57:27.732000,2023-10-18T06:43:48.325000,buy,0.02,0.02,GBPCADm,1.66121,1.6617,1.6617,,0,0,0.72,,,sl
420086780,2023-10-18T03:38:04.841000,2023-10-18T06:43:48.321000,buy,0.02,0.02,GBPCADm,1.66069,1.6617,1.6617,,0,0,1.48,,,sl
419591267,2023-10-18T01:05:35.057000,2023-10-18T03:07:40.436000,buy,0.03,0.03,EURJPYm,158.218,158.2,158.2,,0,0,-0.36,,,sl
419317522,2023-10-17T17:56:29.101000,2023-10-18T00:21:04.814000,buy,0.02,0.02,EURJPYm,158.331,158.2,158.2,,0,0,-1.75,,,sl
418794492,2023-10-17T14:10:01.974000,2023-10-17T17:14:54.875000,buy,0.02,0.02,EURJPYm,158.17,158.37,158.37,,0,0,2.67,,,sl
418462434,2023-10-17T10:39:08.550000,2023-10-17T12:30:07.163000,buy,0.02,0.02,GBPUSDm,1.21554,1.21549,1.21549,,0,0,-0.1,,,sl
418113837,2023-10-17T06:49:52.775000,2023-10-17T06:53:25.721000,buy,0.02,0.02,GBPUSDm,1.21757,1.217,1.217,,0,0,-1.14,,,sl
416664554,2023-10-16T14:23:49.700000,2023-10-17T06:43:29.481000,buy,0.02,0.02,EURJPYm,157.735,157.6,157.6,,0,0,-1.8,,,sl
416345825,2023-10-16T04:16:45.394000,2023-10-17T06:43:29.476000,buy,0.02,0.02,EURJPYm,157.304,157.6,157.6,,0,0,3.96,,,sl
418096955,2023-10-17T06:31:06.420000,2023-10-17T06:35:58.394000,buy,0.01,0.01,GBPUSDm,1.21822,1.2175,1.2175,,0,0,-0.72,,,sl
418094966,2023-10-17T06:29:22.620000,2023-10-17T06:35:58.391000,buy,0.02,0.02,GBPUSDm,1.2185,1.2175,1.2175,,0,0,-2,,,sl
417909367,2023-10-17T02:45:46.365000,2023-10-17T06:00:05.209000,buy,0.02,0.02,GBPUSDm,1.21959,1.21859,1.21859,,0,0,-2,,,sl
416353851,2023-10-16T04:27:44.597000,2023-10-16T08:15:09.874000,buy,0.02,0.02,GBPUSDm,1.21606,1.21547,1.2153100000000001,,0,0,-1.18,,,user
415527037,2023-10-14T04:41:15.272000,2023-10-14T06:29:02.170000,buy,0.05,0.05,BTCUSDm,26917.07,26837.07,26837.07,,0,0,-4,,,sl
415456237,2023-10-13T20:03:28.180000,2023-10-13T21:11:15.476000,buy,0.05,0.05,BTCUSDm,26786.38,26900,26900,,0,0,5.68,,,sl
415145131,2023-10-13T15:16:10.752000,2023-10-13T15:24:35.473000,buy,0.05,0.05,BTCUSDm,26740.42,26680,26680,,0,0,-3.02,,,sl
414775359,2023-10-13T12:54:14.281000,2023-10-13T14:53:22.313000,buy,0.05,0.05,BTCUSDm,26924.05,26739.2,,,0,0,-9.24,-0.24,-7.12,so
413997394,2023-10-13T08:30:42.945000,2023-10-13T09:29:01.302000,buy,0.01,0.01,EURJPYm,158.032,157.85,157.85,,0,0,-1.22,,,sl
413445389,2023-10-12T23:43:46.807000,2023-10-13T09:29:01.296000,buy,0.02,0.02,EURJPYm,157.794,157.85,157.85,,0,0,0.75,,,sl
413212570,2023-10-12T17:51:23.794000,2023-10-12T21:09:00.035000,buy,0.01,0.01,EURJPYm,157.787,157.6,157.6,,0,0,-1.25,,,sl
413180811,2023-10-12T17:30:19.003000,2023-10-12T21:09:00.025000,buy,0.02,0.02,EURJPYm,157.871,157.6,157.6,,0,0,-3.62,,,sl
412387793,2023-10-12T12:27:34.604000,2023-10-12T12:30:04.976000,buy,0.01,0.01,EURJPYm,158.445,158.3,158.3,,0,0,-0.97,,,sl
412277414,2023-10-12T10:51:23.907000,2023-10-12T12:30:04.958000,buy,0.01,0.01,EURJPYm,158.387,158.3,158.3,,0,0,-0.58,,,sl
411752327,2023-10-12T02:16:15.475000,2023-10-12T08:15:46.596000,buy,0.01,0.01,USOILm,81.736,82.902,82.3,,0,0,11.66,,,user
411656861,2023-10-12T00:35:03.668000,2023-10-12T08:15:46.595000,buy,0.01,0.01,USOILm,82.002,82.902,81.3,,0,0,9,,,user
411657417,2023-10-12T00:36:29.224000,2023-10-12T00:36:35.817000,buy,0.01,0.01,USOILm,82.016,81.991,,,0,0,-0.25,,,user
411175668,2023-10-11T15:24:17.568000,2023-10-11T18:26:43.341000,buy,0.01,0.01,USOILm,82.044,82.2,82.2,,0,0,1.56,,,sl
410696919,2023-10-11T12:17:08.577000,2023-10-11T13:26:06.265000,buy,0.01,0.01,USOILm,83.683,83.4,83.4,,0,0,-2.83,,,sl
409354117,2023-10-10T17:21:18.067000,2023-10-10T20:35:57.221000,buy,0.02,0.02,USDJPYm,148.623,148.653,148.5,,0,0,0.4,,,user
408604994,2023-10-10T11:39:43.321000,2023-10-10T12:23:49.321000,buy,0.02,0.02,XAUUSDm,1856.962,1854,1854,,0,0,-5.92,,,sl
408227176,2023-10-10T07:54:44.694000,2023-10-10T11:02:37.525000,buy,0.01,0.01,XAUUSDm,1855.74,1856,1856,,0,0,0.26,,,sl
408158649,2023-10-10T07:17:59.207000,2023-10-10T11:02:37.523000,buy,0.01,0.01,XAUUSDm,1855.902,1856,1856,,0,0,0.1,,,sl
408070587,2023-10-10T06:40:21.280000,2023-10-10T06:50:46.067000,buy,0.01,0.01,USOILm,84.453,84.3,84.3,,0,0,-1.53,,,sl
407969683,2023-10-10T06:02:56.734000,2023-10-10T06:50:46.066000,buy,0.01,0.01,USOILm,84.547,84.3,84.3,,0,0,-2.47,,,sl
407957328,2023-10-10T06:07:51.886000,2023-10-10T06:14:01.151000,buy,0.01,0.01,USDJPYm,148.83,148.65,148.65,,0,0,-1.21,,,sl
407948909,2023-10-10T05:45:23.365000,2023-10-10T06:14:01.081000,buy,0.01,0.01,USDJPYm,148.7,148.65,148.65,,0,0,-0.34,,,sl
406490718,2023-10-09T12:00:22.209000,2023-10-10T04:15:06.247000,buy,0.01,0.01,GBPUSDm,1.21673,1.2233,1.2233,,0,0,6.57,,,sl
406455064,2023-10-09T11:24:57.945000,2023-10-10T04:15:06.230000,buy,0.01,0.01,GBPUSDm,1.21737,1.2233,1.2233,,0,0,5.93,,,sl
406450911,2023-10-09T11:20:56.577000,2023-10-09T14:11:46.229000,buy,0.01,0.01,EURJPYm,157.097,156.827,156.827,,0,0,-1.82,,,sl
406489451,2023-10-09T11:59:20.021000,2023-10-09T11:59:49.658000,sell,0.01,0.01,GBPUSDm,1.21679,1.2168700000000001,,,0,0,-0.08,,,user
403023231,2023-10-06T06:31:32.073000,2023-10-06T12:24:14.392000,buy,0.01,0.01,XAUUSDm,1819.688,1819.588,1819.588,,0,0,-0.1,,,sl
402965853,2023-10-06T05:46:22.374000,2023-10-06T09:40:26.583000,sell,0.01,0.01,EURUSDm,1.05358,1.0555,1.0555,,0,0,-1.92,,,sl
